First name,Last name,Email,Description,Merchant code,Amount,From Currency,To Currency,Rate,Date
Niyah,Singleton,niyah.singleton@mailinator.com,CARD SPEND,5462,68.5819483,GBP,GBP,1,12/05/2020 08:22
Amanda,Burn,amanda.burn@mailinator.com,CARD SPEND,5013,41.8411403,GBP,GGM,47.0892,02/01/2020 03:07
Andreea,Suarez,andreea.suarez@mailinator.com,CARD SPEND,5411,1.5103011,GGM,GBP,47.7478,23/05/2020 09:20
Alayna,Sparks,alayna.sparks@mailinator.com,CARD SPEND,5311,13.7788121,GBP,GGM,47.0892,22/03/2020 13:28
Ebrahim,Pickett,ebrahim.pickett@mailinator.com,SELL GOLD,,0.9928468,GGM,GBP,47.7494,17/02/2020 19:17
Riley,Hayden,riley.hayden@mailinator.com,SELL GOLD,,1.7438654,GGM,GBP,47.7534,18/05/2020 14:40
Kaelan,Rodriquez,kaelan.rodriquez@mailinator.com,BUY GOLD,,75.5180979,GBP,GGM,47.7555,29/07/2020 17:32
Jibril,Whitfield,jibril.whitfield@mailinator.com,SELL GOLD,,2.0498016,GGM,GBP,47.7515,03/08/2020 03:43
Alysia,Lozano,alysia.lozano@mailinator.com,CARD SPEND,5013,0.9724244,GGM,GBP,47.7478,27/08/2020 16:52
Clement,Paine,clement.paine@mailinator.com,CARD SPEND,5441,30.7364075,GBP,GGM,47.7543,20/06/2020 18:32
Eryn,Ortega,eryn.ortega@mailinator.com,CARD SPEND,5072,2.020296,GGM,GBP,47.7478,13/05/2020 05:29
Paris,Peterson,paris.peterson@mailinator.com,CARD SPEND,5411,54.7273756,GBP,GGM,48.4343,22/02/2020 23:20
Arjan,Grey,arjan.grey@mailinator.com,CARD SPEND,5411,0.3585687,GGM,GBP,48.4343,08/05/2020 12:42
Hadiqa,Rose,hadiqa.rose@mailinator.com,BUY GOLD,,41.650079,GBP,GGM,47.0892,28/03/2020 11:01
Areeb,Schofield,areeb.schofield@mailinator.com,CARD SPEND,5411,1.0346566,GGM,GBP,48.5679,28/06/2020 09:49
Mathew,Harrison,mathew.harrison@mailinator.com,CARD SPEND,5411,1.9023043,GGM,GBP,48.5679,06/06/2020 03:51
Zak,Yu,zak.yu@mailinator.com,SELL GOLD,,0.2253387,GGM,GBP,47.7071,28/03/2020 10:19
Iram,Pate,iram.pate@mailinator.com,CARD SPEND,5013,52.5443559,GBP,GGM,47.7071,20/05/2020 17:19
Marius,Parra,marius.parra@mailinator.com,CARD SPEND,5013,53.2028582,GBP,GGM,47.7071,08/01/2020 21:56
Elijah,Howells,elijah.howells@mailinator.com,BUY GOLD,,27.7942682,GBP,GBP,1,18/08/2020 11:12
Teodor,Sheridan,teodor.sheridan@mailinator.com,CARD SPEND,5045,94.6466579,GBP,GGM,47.7543,30/04/2020 21:14
Teri,Torres,teri.torres@mailinator.com,CARD SPEND,5311,0.3047562,GGM,GBP,47.7494,28/04/2020 13:25
Nina,Elliott,nina.elliott@mailinator.com,CARD SPEND,5462,53.9072716,GBP,GGM,47.7143,08/03/2020 06:01
Danish,Schneider,danish.schneider@mailinator.com,SELL GOLD,,0.8867019,GGM,GBP,47.7534,23/01/2020 07:29
Asif,Bailey,asif.bailey@mailinator.com,BUY GOLD,,91.2176855,GBP,GGM,47.7534,14/05/2020 05:20
Lyla-Rose,Briggs,lyla-rose.briggs@mailinator.com,CARD SPEND,5072,16.0367066,GBP,GGM,47.7534,17/03/2020 03:34
Tony,Watson,tony.watson@mailinator.com,CARD SPEND,5441,1.8190602,GGM,GBP,47.7515,29/05/2020 07:00
Zhane,Booth,zhane.booth@mailinator.com,BUY GOLD,,19.2967767,GBP,GGM,48.5679,05/08/2020 16:03
Aditi,Duncan,aditi.duncan@mailinator.com,SELL GOLD,,1.9619842,GGM,GBP,47.7478,24/07/2020 12:04
Yahya,Frey,yahya.frey@mailinator.com,CARD SPEND,5411,93.2793493,GBP,GGM,47.7497,07/01/2020 07:45
Kashif,Davies,kashif.davies@mailinator.com,CARD SPEND,5072,82.3439491,GBP,GGM,47.7543,02/08/2020 07:28
Rita,Mcintosh,rita.mcintosh@mailinator.com,CARD SPEND,5072,1.0264837,GGM,GBP,47.7515,14/04/2020 12:31
Bogdan,Cartwright,bogdan.cartwright@mailinator.com,BUY GOLD,,31.847337,GBP,GGM,47.7494,11/05/2020 07:00
Leonidas,Mcdermott,leonidas.mcdermott@mailinator.com,SELL GOLD,,1.8838974,GGM,GBP,47.0892,15/04/2020 06:47
Leia,Friedman,leia.friedman@mailinator.com,CARD SPEND,5462,51.9139064,GBP,GGM,47.7071,28/01/2020 04:42
Ruby-Mae,Buck,ruby-mae.buck@mailinator.com,CARD SPEND,5462,0.0505685,GGM,GBP,47.7937,08/01/2020 08:25
Catherine,Weston,catherine.weston@mailinator.com,BUY GOLD,,61.2752722,GBP,GGM,47.7497,02/06/2020 04:08
Deborah,Bryan,deborah.bryan@mailinator.com,BUY GOLD,,8.4764253,GBP,GBP,1,15/04/2020 15:41
Melody,Workman,melody.workman@mailinator.com,SELL GOLD,,1.3137449,GGM,GBP,48.0231,27/03/2020 01:56
Daria,Shea,daria.shea@mailinator.com,CARD SPEND,5013,1.5495912,GGM,GBP,48.4343,27/03/2020 16:23
Clara,Jenkins,clara.jenkins@mailinator.com,CARD SPEND,5045,1.1391697,GGM,GBP,48.4343,14/08/2020 00:35
Xander,Espinoza,xander.espinoza@mailinator.com,BUY GOLD,,47.8465911,GBP,GGM,47.7937,15/07/2020 05:14
Billie,Cherry,billie.cherry@mailinator.com,CARD SPEND,5441,1.2720727,GGM,GBP,47.0892,29/03/2020 13:31
Tudor,Hanson,tudor.hanson@mailinator.com,SELL GOLD,,1.8880968,GGM,GBP,48.4343,03/04/2020 10:22
India,Frye,india.frye@mailinator.com,CARD SPEND,5311,79.0020351,GBP,GGM,47.7497,05/07/2020 00:12
Roberta,Bentley,roberta.bentley@mailinator.com,BUY GOLD,,2.612153,GBP,GGM,47.7937,23/04/2020 05:33
Rahul,Maldonado,rahul.maldonado@mailinator.com,CARD SPEND,5013,1.3004489,GGM,GBP,47.7478,11/03/2020 21:12
Oskar,Kendall,oskar.kendall@mailinator.com,BUY GOLD,,23.3874432,GBP,GGM,48.0231,29/07/2020 02:16
Zidane,Carver,zidane.carver@mailinator.com,CARD SPEND,5311,0.1904638,GGM,GBP,47.7555,26/05/2020 18:27
Archie,Massey,archie.massey@mailinator.com,CARD SPEND,5411,73.0338469,GBP,GGM,47.0892,04/06/2020 02:58
Sia,Hayward,sia.hayward@mailinator.com,CARD SPEND,5441,1.5594037,GGM,GBP,47.7071,15/05/2020 00:31
Rayyan,Hodge,rayyan.hodge@mailinator.com,CARD SPEND,5441,54.173694,GBP,GGM,47.7937,10/06/2020 09:42
Sheldon,Smart,sheldon.smart@mailinator.com,SELL GOLD,,1.01108,GGM,GBP,47.7478,25/08/2020 07:37
Kofi,Luna,kofi.luna@mailinator.com,CARD SPEND,5072,1.5043543,GGM,GBP,47.7478,27/06/2020 09:52
Yvie,Mueller,yvie.mueller@mailinator.com,BUY GOLD,,95.7549485,GBP,GGM,47.7478,26/01/2020 23:37
Rabia,Wells,rabia.wells@mailinator.com,CARD SPEND,5441,73.6793621,GBP,GGM,47.0892,06/04/2020 18:04
Amari,Delaney,amari.delaney@mailinator.com,BUY GOLD,,75.9357455,GBP,GGM,47.0892,06/01/2020 12:04
Milly,Whitehead,milly.whitehead@mailinator.com,CARD SPEND,5441,33.4322568,GBP,GGM,47.7937,26/03/2020 18:24
Jean,Perez,jean.perez@mailinator.com,SELL GOLD,,0.3039302,GGM,GBP,47.7555,16/01/2020 03:19
Mared,Payne,mared.payne@mailinator.com,SELL GOLD,,0.2442596,GGM,GBP,47.7555,29/01/2020 22:31
Reegan,Foley,reegan.foley@mailinator.com,CARD SPEND,5441,2.0435079,GGM,GBP,47.7494,20/06/2020 15:19
Nelson,Mcconnell,nelson.mcconnell@mailinator.com,CARD SPEND,5045,0.1290774,GGM,GBP,47.7096,04/06/2020 11:08
Elle,Salazar,elle.salazar@mailinator.com,SELL GOLD,,1.2098146,GGM,GBP,47.7478,23/04/2020 05:35
Gene,Ramirez,gene.ramirez@mailinator.com,CARD SPEND,5411,1.9927244,GBP,GGM,47.7096,05/05/2020 10:48
Abdur-Rahman,Dean,abdur-rahman.dean@mailinator.com,CARD SPEND,5311,34.261807,GBP,GGM,47.7555,07/08/2020 07:01
Haroon,Kavanagh,haroon.kavanagh@mailinator.com,CARD SPEND,5013,94.7741351,GBP,GGM,47.7515,10/07/2020 22:25
Sabah,Fields,sabah.fields@mailinator.com,BUY GOLD,,60.5701846,GBP,GGM,48.0231,20/02/2020 10:24
Izaac,Mackay,izaac.mackay@mailinator.com,BUY GOLD,,88.1532392,GBP,GGM,47.7143,08/02/2020 06:44
Skyla,Mckay,skyla.mckay@mailinator.com,CARD SPEND,5411,43.6245005,GBP,GGM,47.7515,26/05/2020 10:08
Lyndon,Dyer,lyndon.dyer@mailinator.com,CARD SPEND,5045,1.8959628,GGM,GBP,47.7143,18/07/2020 16:35
Igor,Griffiths,igor.griffiths@mailinator.com,BUY GOLD,,55.8057667,GBP,GGM,47.0892,10/05/2020 17:22
Karson,Barry,karson.barry@mailinator.com,CARD SPEND,5311,59.9915348,GBP,GGM,48.0231,02/03/2020 14:27
Ismaeel,Cope,ismaeel.cope@mailinator.com,SELL GOLD,,1.4030739,GGM,GBP,48.5679,07/03/2020 11:43
Patrycja,Anthony,patrycja.anthony@mailinator.com,CARD SPEND,5441,1.8250562,GGM,GBP,48.0231,29/08/2020 18:43
T-Jay,Atherton,t-jay.atherton@mailinator.com,CARD SPEND,5072,55.1426741,GBP,GGM,47.7071,07/05/2020 09:29
Poppy-Mae,Dunlop,poppy-mae.dunlop@mailinator.com,SELL GOLD,,0.049207,GGM,GBP,48.0231,01/03/2020 04:02
Bridget,Greenwood,bridget.greenwood@mailinator.com,CARD SPEND,5462,0.9602704,GGM,GBP,47.7497,17/07/2020 04:35
Rafi,Heaton,rafi.heaton@mailinator.com,BUY GOLD,,53.390383,GBP,GGM,48.0231,28/06/2020 14:54
Charity,Cresswell,charity.cresswell@mailinator.com,CARD SPEND,5045,1.1283229,GGM,GBP,47.7937,17/03/2020 12:08
Jaxson,Chapman,jaxson.chapman@mailinator.com,BUY GOLD,,62.5495832,GBP,GGM,47.7494,20/08/2020 08:31
Dollie,Turnbull,dollie.turnbull@mailinator.com,SELL GOLD,,0.8345758,GGM,GBP,47.7478,18/02/2020 02:14
Ned,Robin,ned.robin@mailinator.com,SELL GOLD,,0.1359193,GGM,GBP,47.7096,21/07/2020 15:34
Nella,Hines,nella.hines@mailinator.com,CARD SPEND,5462,51.4554063,GBP,GGM,47.7497,30/05/2020 03:31
Andrea,Bauer,andrea.bauer@mailinator.com,CARD SPEND,5441,48.0806737,GBP,GGM,47.7534,16/07/2020 18:42
Ceara,Valdez,ceara.valdez@mailinator.com,CARD SPEND,5411,1.9375315,GGM,GBP,47.7555,24/02/2020 12:03
Kobi,Travers,kobi.travers@mailinator.com,SELL GOLD,,1.7269453,GGM,GBP,48.0231,24/05/2020 00:45
Anisah,Joyner,anisah.joyner@mailinator.com,CARD SPEND,5045,0.0887761,GGM,GBP,47.7143,02/08/2020 07:27
Jasper,Haworth,jasper.haworth@mailinator.com,CARD SPEND,5311,2.5014797,GBP,GGM,47.7515,12/07/2020 21:19
Zane,Curran,zane.curran@mailinator.com,CARD SPEND,5411,0.8746757,GGM,GBP,47.7555,05/02/2020 12:26
Murphy,Gough,murphy.gough@mailinator.com,CARD SPEND,5411,1.1467283,GGM,GBP,48.0231,14/02/2020 08:10
Abdullahi,Newton,abdullahi.newton@mailinator.com,CARD SPEND,5013,0.1704931,GGM,GBP,47.7515,31/03/2020 14:39
Duane,Morris,duane.morris@mailinator.com,CARD SPEND,5045,39.8188204,GBP,GGM,47.7071,01/01/2020 11:18
Kaja,Cunningham,kaja.cunningham@mailinator.com,CARD SPEND,5411,89.8322186,GBP,GGM,47.7543,24/07/2020 08:25
Declan,Wills,declan.wills@mailinator.com,SELL GOLD,,0.5591787,GGM,GBP,47.7543,18/06/2020 03:49
Saul,Flowers,saul.flowers@mailinator.com,CARD SPEND,5013,0.7991462,GGM,GBP,48.0231,07/08/2020 10:57
Solomon,Guerrero,solomon.guerrero@mailinator.com,CARD SPEND,5021,1.9115909,GGM,GBP,47.7937,08/05/2020 15:42
Gerard,Bouvet,gerard.bouvet@mailinator.com,SELL GOLD,,0.054087,GGM,GBP,47.7096,26/07/2020 21:25
Stacy,Everett,stacy.everett@mailinator.com,SELL GOLD,,1.4119154,GGM,GBP,48.4343,01/08/2020 01:18
Braiden,Chamberlain,braiden.chamberlain@mailinator.com,CARD SPEND,5021,6.8192509,GBP,GGM,48.4343,07/07/2020 04:00
Ishan,Castro,ishan.castro@mailinator.com,CARD SPEND,5072,1.7742868,GGM,GBP,48.0231,01/05/2020 15:14
Edison,Casey,edison.casey@mailinator.com,SELL GOLD,,1.8172181,GGM,GBP,47.7534,14/01/2020 16:16
Bill,Bellamy,bill.bellamy@mailinator.com,CARD SPEND,5072,81.3812774,GBP,GGM,47.7555,24/06/2020 21:24
Sarina,Roberson,sarina.roberson@mailinator.com,CARD SPEND,5021,46.8215038,GBP,GGM,47.7071,25/02/2020 21:02
Katy,Wainwright,katy.wainwright@mailinator.com,CARD SPEND,5045,57.8521815,GBP,GGM,47.0892,28/04/2020 12:49
Safiyah,Bennett,safiyah.bennett@mailinator.com,CARD SPEND,5441,55.6916089,GBP,GGM,47.7534,27/07/2020 21:59
Graeme,Wise,graeme.wise@mailinator.com,SELL GOLD,,1.9616257,GGM,GBP,48.0231,08/02/2020 18:37
Massimo,Luna,massimo.luna@mailinator.com,BUY GOLD,,45.6423399,GBP,GGM,47.7497,02/06/2020 17:29
Wayne,Glass,wayne.glass@mailinator.com,BUY GOLD,,0.102593,GBP,GGM,48.4343,09/03/2020 13:00
Amin,Gonzalez,amin.gonzalez@mailinator.com,SELL GOLD,,0.7626854,GGM,GBP,47.7555,25/01/2020 03:53
Shaan,Friedman,shaan.friedman@mailinator.com,CARD SPEND,5013,0.6304808,GGM,GBP,47.7494,20/06/2020 17:37
Ziggy,Morrison,ziggy.morrison@mailinator.com,SELL GOLD,,1.9545363,GGM,GBP,47.7143,11/08/2020 22:25
Iwan,Ochoa,iwan.ochoa@mailinator.com,CARD SPEND,5045,89.0868221,GBP,GGM,47.7937,07/03/2020 03:57
Macauly,Sexton,macauly.sexton@mailinator.com,SELL GOLD,,1.843282,GGM,GBP,47.7543,09/02/2020 15:52
Ethan,Grainger,ethan.grainger@mailinator.com,SELL GOLD,,1.616374,GGM,GBP,47.7497,11/06/2020 05:44
Caius,Witt,caius.witt@mailinator.com,CARD SPEND,5072,1.0782114,GGM,GBP,48.0231,25/05/2020 12:10
Sorcha,Galindo,sorcha.galindo@mailinator.com,CARD SPEND,5021,0.9509424,GGM,GBP,47.7555,17/04/2020 06:48
Dottie,Fitzpatrick,dottie.fitzpatrick@mailinator.com,BUY GOLD,,17.9410466,GBP,GGM,48.4343,13/01/2020 10:38
Mckenzie,Woods,mckenzie.woods@mailinator.com,SELL GOLD,,1.2551519,GGM,GBP,47.7543,08/06/2020 00:58
Kane,Woolley,kane.woolley@mailinator.com,CARD SPEND,5411,1.1497486,GGM,GBP,48.4343,29/04/2020 01:10
Clifford,Alexander,clifford.alexander@mailinator.com,CARD SPEND,5013,1.1275815,GGM,GBP,47.7555,20/05/2020 05:28
Aiyla,Langley,aiyla.langley@mailinator.com,BUY GOLD,,9.2496525,GBP,GGM,47.7096,01/07/2020 22:44
Sufyaan,Flower,sufyaan.flower@mailinator.com,BUY GOLD,,9.4912616,GBP,GGM,47.7494,18/06/2020 02:47
Benedict,Hobbs,benedict.hobbs@mailinator.com,SELL GOLD,,0.7935177,GGM,GBP,47.7096,27/02/2020 05:18
Hunter,Gilliam,hunter.gilliam@mailinator.com,CARD SPEND,5311,2.3079372,GBP,GGM,47.7497,24/01/2020 00:22
Sheldon,Wallace,sheldon.wallace@mailinator.com,BUY GOLD,,74.1353462,GBP,GGM,48.0231,29/04/2020 23:52
Tahmid,Reyna,tahmid.reyna@mailinator.com,CARD SPEND,5441,99.4335684,GBP,GGM,47.7478,04/07/2020 15:00
Zaydan,Escobar,zaydan.escobar@mailinator.com,BUY GOLD,,18.2924978,GBP,GGM,47.7497,14/01/2020 18:59
Roman,Travis,roman.travis@mailinator.com,CARD SPEND,5045,18.0126386,GBP,GGM,47.7478,09/04/2020 21:49
Giacomo,Swanson,giacomo.swanson@mailinator.com,BUY GOLD,,55.8101711,GBP,GGM,47.7478,10/07/2020 14:10
Rex,Nichols,rex.nichols@mailinator.com,CARD SPEND,5013,3.2721434,GBP,GBP,1,11/03/2020 01:13
Iylah,Higgins,iylah.higgins@mailinator.com,CARD SPEND,5311,1.1969561,GGM,GBP,48.5679,13/01/2020 03:28
Stephanie,Prosser,stephanie.prosser@mailinator.com,BUY GOLD,,42.8015706,GBP,GGM,48.0231,05/01/2020 23:50
Tamanna,Camacho,tamanna.camacho@mailinator.com,SELL GOLD,,1.545752,GGM,GBP,47.0892,16/04/2020 18:19
Ritchie,Humphries,ritchie.humphries@mailinator.com,SELL GOLD,,1.6419051,GGM,GBP,47.7555,14/01/2020 11:13
Ayaz,Romero,ayaz.romero@mailinator.com,SELL GOLD,,0.814484,GGM,GBP,47.7515,19/05/2020 06:52
Lexie,Broughton,lexie.broughton@mailinator.com,BUY GOLD,,1.2011351,GBP,GGM,47.7534,18/08/2020 21:35
Osama,Zimmerman,osama.zimmerman@mailinator.com,CARD SPEND,5311,80.5925557,GBP,GGM,47.7543,23/07/2020 21:12
Elouise,Coleman,elouise.coleman@mailinator.com,BUY GOLD,,58.9042422,GBP,GGM,48.4343,14/05/2020 03:41
Rosina,Shelton,rosina.shelton@mailinator.com,BUY GOLD,,5.4060687,GBP,GGM,48.5679,07/06/2020 22:38
Javan,Mcnamara,javan.mcnamara@mailinator.com,CARD SPEND,5462,0.1888557,GGM,GBP,48.5679,11/08/2020 09:39
Kurtis,Mayo,kurtis.mayo@mailinator.com,CARD SPEND,5013,91.1624115,GBP,GGM,47.7515,14/03/2020 18:47
Rajan,Whitfield,rajan.whitfield@mailinator.com,CARD SPEND,5411,1.6572185,GGM,GBP,47.7494,25/01/2020 14:00
Sila,Bonner,sila.bonner@mailinator.com,SELL GOLD,,0.5106686,GGM,GBP,47.7494,26/04/2020 20:02
Mayur,Koch,mayur.koch@mailinator.com,SELL GOLD,,0.1267657,GGM,GBP,48.0231,04/04/2020 05:28
Brittney,Wynn,brittney.wynn@mailinator.com,CARD SPEND,5021,0.5994696,GGM,GBP,47.7494,16/04/2020 09:23
Alfred,Rasmussen,alfred.rasmussen@mailinator.com,CARD SPEND,5072,0.4491228,GGM,GBP,47.7096,04/03/2020 14:53
Daanish,Forbes,daanish.forbes@mailinator.com,SELL GOLD,,1.8382506,GGM,GBP,48.0231,15/04/2020 12:47
Dominick,Watson,dominick.watson@mailinator.com,CARD SPEND,5045,1.9701128,GGM,GBP,47.7555,13/01/2020 03:33
Andy,Nguyen,andy.nguyen@mailinator.com,CARD SPEND,5013,82.9119948,GBP,GGM,47.7478,20/02/2020 03:23
Ruairidh,Correa,ruairidh.correa@mailinator.com,SELL GOLD,,0.3661508,GGM,GBP,48.5679,01/05/2020 18:22
Spike,Schmitt,spike.schmitt@mailinator.com,CARD SPEND,5013,1.0166452,GGM,GBP,48.5679,27/02/2020 13:49
Natasha,Dean,natasha.dean@mailinator.com,SELL GOLD,,0.333806,GGM,GBP,47.7515,14/07/2020 14:23
Renzo,Dawson,renzo.dawson@mailinator.com,CARD SPEND,5411,70.0689416,GBP,GGM,47.7555,30/03/2020 00:34
Victoria,Hurley,victoria.hurley@mailinator.com,CARD SPEND,5072,14.6132764,GBP,GGM,47.7478,30/03/2020 00:47
Syed,Cortez,syed.cortez@mailinator.com,CARD SPEND,5441,1.0095483,GGM,GBP,47.7543,01/06/2020 04:50
Alexandre,Graves,alexandre.graves@mailinator.com,SELL GOLD,,1.5075711,GGM,GBP,47.7096,26/04/2020 12:49
Tasha,Weaver,tasha.weaver@mailinator.com,BUY GOLD,,38.5796737,GBP,GGM,47.7478,02/02/2020 19:55
Danial,Odonnell,danial.odonnell@mailinator.com,CARD SPEND,5013,39.393741,GBP,GGM,47.7143,17/06/2020 10:21
Jack,Macleod,jack.macleod@mailinator.com,CARD SPEND,5411,1.2302689,GGM,GBP,47.7494,12/03/2020 06:08
Faiza,Martins,faiza.martins@mailinator.com,CARD SPEND,5311,1.0661291,GGM,GBP,48.4343,19/08/2020 08:24
Kendrick,Travers,kendrick.travers@mailinator.com,CARD SPEND,5311,1.9618012,GGM,GBP,48.5679,05/08/2020 10:51
Cataleya,Kirk,cataleya.kirk@mailinator.com,SELL GOLD,,1.4631645,GGM,GBP,47.7937,20/01/2020 07:12
Vikki,Avalos,vikki.avalos@mailinator.com,CARD SPEND,5311,0.8434513,GGM,GBP,47.7096,21/07/2020 16:35
Amira,Salgado,amira.salgado@mailinator.com,BUY GOLD,,34.8247928,GBP,GGM,47.7494,14/03/2020 01:48
Tillie,Richard,tillie.richard@mailinator.com,SELL GOLD,,1.0145081,GGM,GBP,47.7515,17/05/2020 19:14
Sullivan,Page,sullivan.page@mailinator.com,SELL GOLD,,1.186246,GGM,GBP,48.5679,17/08/2020 15:29
Firat,Schofield,firat.schofield@mailinator.com,CARD SPEND,5462,0.5346965,GGM,GBP,47.0892,11/07/2020 12:04
Sumaiya,Fellows,sumaiya.fellows@mailinator.com,CARD SPEND,5311,1.56621,GGM,GBP,47.7543,16/08/2020 19:59
Layan,Sumner,layan.sumner@mailinator.com,SELL GOLD,,0.8627053,GGM,GBP,47.0892,04/06/2020 14:06
Iram,Greenwood,iram.greenwood@mailinator.com,CARD SPEND,5441,6.0806639,GBP,GGM,48.4343,18/06/2020 08:05
Milosz,Delaney,milosz.delaney@mailinator.com,BUY GOLD,,44.0492792,GBP,GGM,48.0231,08/05/2020 20:01
Asif,Trujillo,asif.trujillo@mailinator.com,BUY GOLD,,69.2997923,GBP,GGM,48.5679,18/01/2020 00:30
Yasin,Barajas,yasin.barajas@mailinator.com,CARD SPEND,5441,0.6036916,GGM,GBP,47.7143,17/04/2020 18:17
Rayhaan,Torres,rayhaan.torres@mailinator.com,CARD SPEND,5462,1.3348981,GGM,GBP,47.7096,05/02/2020 12:43
Reginald,Watts,reginald.watts@mailinator.com,CARD SPEND,5072,62.5361911,GBP,GGM,47.7096,30/04/2020 22:13
Kellie,Hopper,kellie.hopper@mailinator.com,CARD SPEND,5311,0.9577126,GGM,GBP,47.7937,25/07/2020 00:12
Jadene,Stevens,jadene.stevens@mailinator.com,BUY GOLD,,61.3786529,GBP,GGM,47.7478,18/06/2020 04:45
Ammaarah,Carpenter,ammaarah.carpenter@mailinator.com,SELL GOLD,,1.621276,GGM,GBP,47.7497,21/06/2020 14:45
Axl,Bray,axl.bray@mailinator.com,CARD SPEND,5411,31.0281204,GBP,GGM,48.5679,15/04/2020 15:09
Vladimir,Hastings,vladimir.hastings@mailinator.com,BUY GOLD,,62.0230349,GBP,GGM,47.7494,12/06/2020 03:18
Reese,Sheldon,reese.sheldon@mailinator.com,SELL GOLD,,0.1398328,GGM,GBP,48.0231,15/01/2020 01:18
Madelaine,Richardson,madelaine.richardson@mailinator.com,SELL GOLD,,0.3163562,GGM,GBP,47.7937,17/02/2020 00:13
Fenton,Bowler,fenton.bowler@mailinator.com,BUY GOLD,,75.7887944,GBP,GGM,47.7096,09/05/2020 13:10
Tomasz,Kidd,tomasz.kidd@mailinator.com,CARD SPEND,5311,0.847392,GGM,GBP,47.7071,02/01/2020 15:53
Letitia,Key,letitia.key@mailinator.com,CARD SPEND,5021,82.5934674,GBP,GGM,48.4343,26/03/2020 20:48
Frances,Tyson,frances.tyson@mailinator.com,SELL GOLD,,1.9825834,GGM,GBP,48.5679,20/01/2020 23:33
Laiba,Washington,laiba.washington@mailinator.com,BUY GOLD,,28.2488473,GBP,GGM,47.7534,05/08/2020 20:35
Thelma,Rodriguez,thelma.rodriguez@mailinator.com,BUY GOLD,,33.7731578,GBP,GGM,47.0892,08/01/2020 12:22
Samual,Wallis,samual.wallis@mailinator.com,SELL GOLD,,0.8247014,GGM,GBP,47.7555,02/02/2020 06:24
Farah,Sanchez,farah.sanchez@mailinator.com,CARD SPEND,5021,69.1243264,GBP,GGM,47.7937,11/08/2020 14:56
Ayomide,Hardy,ayomide.hardy@mailinator.com,BUY GOLD,,54.2475358,GBP,GGM,47.7096,07/03/2020 02:59
Rees,Archer,rees.archer@mailinator.com,CARD SPEND,5072,1.2176344,GGM,GBP,48.4343,20/03/2020 00:12
Robert,Ibarra,robert.ibarra@mailinator.com,BUY GOLD,,97.3855992,GBP,GGM,47.7555,27/06/2020 01:19
Iolo,Krueger,iolo.krueger@mailinator.com,CARD SPEND,5462,86.2385215,GBP,GGM,48.0231,19/05/2020 08:43
Emile,Hinton,emile.hinton@mailinator.com,CARD SPEND,5045,77.3604521,GBP,GGM,48.5679,01/03/2020 20:21
Boyd,Reese,boyd.reese@mailinator.com,CARD SPEND,5311,1.0328776,GGM,GBP,47.7555,07/05/2020 13:26
Teodor,Rowley,teodor.rowley@mailinator.com,SELL GOLD,,0.2923854,GGM,GBP,47.7071,10/03/2020 02:36
Makenzie,Horne,makenzie.horne@mailinator.com,BUY GOLD,,38.4070908,GBP,GGM,47.7143,28/06/2020 02:17
Martine,Newton,martine.newton@mailinator.com,CARD SPEND,5021,73.1595713,GBP,GBP,1,24/01/2020 04:30
Leonardo,Dawe,leonardo.dawe@mailinator.com,BUY GOLD,,40.0426672,GBP,GGM,48.4343,19/01/2020 07:27
Victoria,Gamble,victoria.gamble@mailinator.com,CARD SPEND,5311,1.5731732,GGM,GBP,48.4343,21/01/2020 11:54
Arya,Bowden,arya.bowden@mailinator.com,CARD SPEND,5311,0.0977591,GGM,GBP,47.7515,11/05/2020 09:16
Lacy,Henderson,lacy.henderson@mailinator.com,BUY GOLD,,71.2920321,GBP,GGM,47.7534,26/04/2020 02:57
Garrett,Villa,garrett.villa@mailinator.com,SELL GOLD,,1.0863308,GGM,GBP,47.7543,15/01/2020 06:26
Billy-Joe,Greenaway,billy-joe.greenaway@mailinator.com,BUY GOLD,,34.0038115,GBP,GGM,47.7478,25/03/2020 21:36
Liana,Gaines,liana.gaines@mailinator.com,SELL GOLD,,0.4534467,GGM,GBP,48.5679,07/05/2020 02:08
Rita,Lewis,rita.lewis@mailinator.com,CARD SPEND,5072,1.8420958,GGM,GBP,47.7534,27/06/2020 04:55
Mikayla,Stamp,mikayla.stamp@mailinator.com,CARD SPEND,5013,6.1705669,GBP,GGM,48.0231,01/04/2020 12:41
Yolanda,Walters,yolanda.walters@mailinator.com,CARD SPEND,5045,46.1805183,GBP,GGM,47.0892,14/07/2020 01:34
Tomas,Whelan,tomas.whelan@mailinator.com,SELL GOLD,,0.2850551,GGM,GBP,47.7494,11/08/2020 12:17
Tasha,Garner,tasha.garner@mailinator.com,SELL GOLD,,0.4661314,GGM,GBP,47.7543,14/03/2020 05:58
Tiffany,Duncan,tiffany.duncan@mailinator.com,BUY GOLD,,63.4706132,GBP,GGM,47.7515,02/04/2020 17:37
Imaan,Oconnell,imaan.oconnell@mailinator.com,SELL GOLD,,1.0695392,GGM,GBP,47.7096,19/03/2020 10:50
Sadia,O'Doherty,sadia.o'doherty@mailinator.com,CARD SPEND,5462,0.8374052,GGM,GBP,47.7143,13/06/2020 21:20
Kajol,Bowen,kajol.bowen@mailinator.com,SELL GOLD,,0.4655949,GGM,GBP,48.0231,31/12/2019 20:31
Anisah,Blanchard,anisah.blanchard@mailinator.com,SELL GOLD,,0.4049038,GGM,GBP,47.7534,18/06/2020 21:33
Annabella,Larsen,annabella.larsen@mailinator.com,CARD SPEND,5311,58.8382382,GBP,GGM,47.7071,21/06/2020 16:42
Bronte,Parkes,bronte.parkes@mailinator.com,CARD SPEND,5013,85.9093075,GBP,GGM,47.7494,22/01/2020 19:08
Adam,Winters,adam.winters@mailinator.com,SELL GOLD,,1.6597907,GGM,GBP,47.7497,12/06/2020 08:32
Zunairah,Grey,zunairah.grey@mailinator.com,BUY GOLD,,4.9337684,GBP,GGM,47.7096,02/05/2020 03:22
Hannah,Macias,hannah.macias@mailinator.com,SELL GOLD,,0.120517,GGM,GBP,47.7534,01/04/2020 19:58
Anastazja,Burks,anastazja.burks@mailinator.com,BUY GOLD,,52.6995473,GBP,GGM,47.7543,08/02/2020 10:46
Alanis,Callaghan,alanis.callaghan@mailinator.com,CARD SPEND,5411,0.2010852,GGM,GBP,47.7555,14/06/2020 13:45
Una,Lake,una.lake@mailinator.com,SELL GOLD,,1.6884947,GGM,GBP,47.7494,11/01/2020 10:53
Paulina,Johnson,paulina.johnson@mailinator.com,CARD SPEND,5311,0.2701975,GGM,GBP,47.0892,20/05/2020 12:13
Noah,Monroe,noah.monroe@mailinator.com,BUY GOLD,,22.8943488,GBP,GGM,47.7071,08/08/2020 19:58
Lynsey,Hammond,lynsey.hammond@mailinator.com,CARD SPEND,5072,57.1722702,GBP,GGM,47.7478,17/04/2020 11:42
Jemima,Kirby,jemima.kirby@mailinator.com,SELL GOLD,,0.0765386,GGM,GBP,47.7143,14/05/2020 09:54
Alishba,Singh,alishba.singh@mailinator.com,CARD SPEND,5045,96.2597349,GBP,GGM,47.7096,13/07/2020 15:09
Manuel,Blackburn,manuel.blackburn@mailinator.com,BUY GOLD,,59.1209793,GBP,GGM,48.5679,19/08/2020 20:28
Shyla,Sharp,shyla.sharp@mailinator.com,CARD SPEND,5021,47.2839907,GBP,GGM,47.0892,17/07/2020 15:49
Simrah,Donovan,simrah.donovan@mailinator.com,CARD SPEND,5072,0.8069877,GGM,GBP,47.7494,09/06/2020 01:40
Caoimhe,Hartman,caoimhe.hartman@mailinator.com,BUY GOLD,,58.235879,GBP,GGM,47.7071,09/08/2020 12:44
Clement,Rocha,clement.rocha@mailinator.com,SELL GOLD,,0.6951259,GGM,GBP,47.7937,04/06/2020 02:31
Vicky,Thornton,vicky.thornton@mailinator.com,SELL GOLD,,0.0318305,GGM,GBP,47.7071,30/07/2020 23:25
Keanan,Ashton,keanan.ashton@mailinator.com,CARD SPEND,5021,1.6244763,GGM,GBP,48.0231,16/08/2020 05:24
Anjali,Irvine,anjali.irvine@mailinator.com,SELL GOLD,,0.7323307,GGM,GBP,48.5679,24/07/2020 00:55
Kaif,Beck,kaif.beck@mailinator.com,CARD SPEND,5411,93.6692633,GBP,GGM,47.7071,16/02/2020 20:49
Michalina,Powers,michalina.powers@mailinator.com,CARD SPEND,5462,19.5636088,GBP,GGM,47.7478,04/06/2020 09:16
Kory,Cote,kory.cote@mailinator.com,CARD SPEND,5441,1.2846612,GGM,GBP,48.5679,23/07/2020 23:44
Harmony,Higgins,harmony.higgins@mailinator.com,BUY GOLD,,44.9051347,GBP,GGM,47.7515,11/02/2020 09:32
Rhydian,Espinoza,rhydian.espinoza@mailinator.com,CARD SPEND,5311,65.2693923,GBP,GGM,47.7494,12/03/2020 01:18
Jevon,Lozano,jevon.lozano@mailinator.com,CARD SPEND,5311,0.1522846,GGM,GBP,48.4343,01/07/2020 08:31
Nicky,Cummings,nicky.cummings@mailinator.com,CARD SPEND,5411,0.5340448,GGM,GBP,47.7497,04/08/2020 17:46
Spike,Leon,spike.leon@mailinator.com,CARD SPEND,5411,0.4539134,GGM,GBP,47.7494,02/03/2020 06:34
King,Busby,king.busby@mailinator.com,CARD SPEND,5072,0.8175906,GGM,GBP,47.7515,16/08/2020 06:05
Arsalan,Dillon,arsalan.dillon@mailinator.com,BUY GOLD,,38.2865544,GBP,GGM,47.7096,20/08/2020 15:38
Keegan,Mccullough,keegan.mccullough@mailinator.com,SELL GOLD,,1.0937017,GGM,GBP,48.0231,16/07/2020 16:03
Tariq,Holcomb,tariq.holcomb@mailinator.com,CARD SPEND,5021,1.2385559,GGM,GBP,47.7494,07/02/2020 19:02
Megan,Carney,megan.carney@mailinator.com,BUY GOLD,,31.1990035,GBP,GGM,47.7497,06/07/2020 05:42
Jayden-James,Bradford,jayden-james.bradford@mailinator.com,BUY GOLD,,28.3477542,GBP,GGM,48.4343,02/04/2020 00:23
Antony,Turner,antony.turner@mailinator.com,BUY GOLD,,28.0724212,GBP,GGM,47.7478,24/03/2020 15:13
Harper-Rose,Humphreys,harper-rose.humphreys@mailinator.com,CARD SPEND,5021,0.3403512,GGM,GBP,47.7478,05/02/2020 08:47
Paris,Hoffman,paris.hoffman@mailinator.com,CARD SPEND,5072,61.9960243,GBP,GGM,47.7534,26/02/2020 01:16
Nansi,Woodward,nansi.woodward@mailinator.com,BUY GOLD,,68.5871866,GBP,GGM,47.7534,17/06/2020 23:44
Rogan,Beil,rogan.beil@mailinator.com,BUY GOLD,,41.7504376,GBP,GGM,48.5679,30/08/2020 13:57
Nazim,Hoover,nazim.hoover@mailinator.com,CARD SPEND,5072,86.3610676,GBP,GBP,1,22/05/2020 08:11
Deanne,Lovell,deanne.lovell@mailinator.com,SELL GOLD,,2.0280903,GGM,GBP,47.7534,20/08/2020 04:58
Aneesha,Rennie,aneesha.rennie@mailinator.com,BUY GOLD,,34.9495714,GBP,GGM,48.0231,03/01/2020 13:01
Selina,Langley,selina.langley@mailinator.com,CARD SPEND,5072,1.1622983,GGM,GBP,47.7494,06/06/2020 16:20
Azeem,Knox,azeem.knox@mailinator.com,CARD SPEND,5311,1.6399322,GGM,GBP,47.7534,29/06/2020 12:00
Reese,Mcleod,reese.mcleod@mailinator.com,BUY GOLD,,72.5110864,GBP,GGM,47.7555,06/01/2020 04:30
Christina,Odling,christina.odling@mailinator.com,CARD SPEND,5072,1.1942952,GGM,GBP,47.7494,02/06/2020 21:42
Korey,Grimes,korey.grimes@mailinator.com,CARD SPEND,5411,64.8692478,GBP,GGM,48.5679,31/07/2020 17:43
Izaak,Navarro,izaak.navarro@mailinator.com,SELL GOLD,,1.0832586,GGM,GBP,47.7497,27/05/2020 05:34
Menaal,Bauer,menaal.bauer@mailinator.com,SELL GOLD,,1.6260563,GGM,GBP,47.7143,06/07/2020 20:03
Jazmin,Salas,jazmin.salas@mailinator.com,CARD SPEND,5072,87.7140212,GBP,GGM,47.7494,02/03/2020 13:56
Romilly,Houston,romilly.houston@mailinator.com,CARD SPEND,5021,80.8543581,GBP,GGM,47.7143,29/02/2020 14:54
Brenden,Schofield,brenden.schofield@mailinator.com,SELL GOLD,,1.0363894,GGM,GBP,47.7096,12/04/2020 02:50
Cillian,Hester,cillian.hester@mailinator.com,BUY GOLD,,71.2521518,GBP,GGM,48.5679,16/02/2020 12:20
Deacon,Robson,deacon.robson@mailinator.com,CARD SPEND,5072,0.0149728,GGM,GBP,48.4343,07/04/2020 05:19
Malcolm,Acosta,malcolm.acosta@mailinator.com,CARD SPEND,5045,18.7578721,GBP,GGM,48.4343,07/04/2020 12:15
Mandeep,Russell,mandeep.russell@mailinator.com,SELL GOLD,,1.2966065,GGM,GBP,48.0231,23/06/2020 21:43
Ted,Lowe,ted.lowe@mailinator.com,SELL GOLD,,0.5113565,GGM,GBP,48.5679,22/01/2020 14:20
Maariya,Mcdougall,maariya.mcdougall@mailinator.com,BUY GOLD,,12.7301419,GBP,GGM,47.7497,18/05/2020 21:46
Tayah,Mercado,tayah.mercado@mailinator.com,CARD SPEND,5462,0.8377122,GBP,GGM,47.7096,20/06/2020 04:43
Presley,Kearney,presley.kearney@mailinator.com,CARD SPEND,5072,19.7189573,GBP,GGM,47.7143,03/07/2020 08:24
Lillia,Sanford,lillia.sanford@mailinator.com,CARD SPEND,5072,1.624983,GGM,GBP,47.7515,21/06/2020 03:23
Fatma,Stevenson,fatma.stevenson@mailinator.com,CARD SPEND,5013,0.6355355,GGM,GBP,47.7497,28/03/2020 11:09
Rochelle,Mcnally,rochelle.mcnally@mailinator.com,CARD SPEND,5441,95.6400622,GBP,GGM,47.7515,20/04/2020 20:22
Tallulah,Madden,tallulah.madden@mailinator.com,CARD SPEND,5072,1.7735463,GGM,GBP,47.7478,17/07/2020 14:19
Rhiana,Medina,rhiana.medina@mailinator.com,SELL GOLD,,1.3585574,GGM,GBP,47.7543,30/01/2020 17:34
Riley-James,Curtis,riley-james.curtis@mailinator.com,BUY GOLD,,30.7768932,GBP,GGM,48.0231,21/07/2020 18:40
Zeenat,Buck,zeenat.buck@mailinator.com,BUY GOLD,,59.7710241,GBP,GGM,48.4343,09/02/2020 06:26
Anabia,David,anabia.david@mailinator.com,BUY GOLD,,40.2833338,GBP,GGM,48.4343,22/01/2020 06:08
Faris,Corbett,faris.corbett@mailinator.com,SELL GOLD,,1.6981038,GGM,GBP,47.7555,24/02/2020 05:21
Diogo,Strickland,diogo.strickland@mailinator.com,BUY GOLD,,4.5412732,GBP,GGM,48.0231,15/05/2020 23:01
Aston,Kim,aston.kim@mailinator.com,CARD SPEND,5311,0.2484502,GGM,GBP,47.7143,08/01/2020 01:02
Frankie,Farley,frankie.farley@mailinator.com,CARD SPEND,5411,1.5553113,GGM,GBP,47.7534,03/08/2020 15:20
Edward,Baldwin,edward.baldwin@mailinator.com,BUY GOLD,,14.5769898,GBP,GGM,47.0892,03/04/2020 17:24
Stefanie,Kaufman,stefanie.kaufman@mailinator.com,CARD SPEND,5072,1.6672312,GGM,GBP,47.7497,17/03/2020 20:52
Mehak,Croft,mehak.croft@mailinator.com,BUY GOLD,,83.5698733,GBP,GGM,47.0892,30/01/2020 05:55
Marwa,Begum,marwa.begum@mailinator.com,SELL GOLD,,1.0105498,GGM,GBP,47.7534,04/02/2020 08:51
Shelly,Blankenship,shelly.blankenship@mailinator.com,CARD SPEND,5021,78.4640911,GBP,GGM,47.7497,10/08/2020 08:40
Zane,Burris,zane.burris@mailinator.com,CARD SPEND,5072,10.5749106,GBP,GGM,47.7071,11/03/2020 21:27
Chantal,Walmsley,chantal.walmsley@mailinator.com,SELL GOLD,,1.514888,GGM,GBP,47.7478,30/06/2020 23:30
Shaunie,Rossi,shaunie.rossi@mailinator.com,BUY GOLD,,84.3262133,GBP,GGM,47.7494,21/08/2020 07:21
Amiya,Mays,amiya.mays@mailinator.com,CARD SPEND,5411,91.1916599,GBP,GGM,48.0231,31/01/2020 15:34
Miller,Dupont,miller.dupont@mailinator.com,SELL GOLD,,1.567005,GGM,GBP,47.7543,02/04/2020 10:50
Elsie-Mae,Hackett,elsie-mae.hackett@mailinator.com,CARD SPEND,5013,85.0907466,GBP,GGM,47.7555,12/03/2020 17:10
Philip,Moore,philip.moore@mailinator.com,SELL GOLD,,0.8110621,GGM,GBP,47.7096,15/03/2020 20:08
Tonisha,Dennis,tonisha.dennis@mailinator.com,CARD SPEND,5411,1.7832485,GGM,GBP,47.7494,14/05/2020 17:53
Codey,Valdez,codey.valdez@mailinator.com,CARD SPEND,5045,28.506433,GBP,GGM,47.7534,24/03/2020 22:05
Camden,Hunter,camden.hunter@mailinator.com,BUY GOLD,,80.5560358,GBP,GGM,47.7478,23/07/2020 07:54
Jean,Fraser,jean.fraser@mailinator.com,BUY GOLD,,53.4903381,GBP,GGM,47.7497,01/05/2020 09:38
Alice,Driscoll,alice.driscoll@mailinator.com,CARD SPEND,5311,8.3270415,GBP,GGM,48.0231,05/03/2020 18:52
Blair,Craig,blair.craig@mailinator.com,CARD SPEND,5411,0.9416753,GGM,GBP,47.7515,23/06/2020 09:38
Finley,Millington,finley.millington@mailinator.com,BUY GOLD,,47.688328,GBP,GGM,47.0892,20/05/2020 10:42
Garrett,Montes,garrett.montes@mailinator.com,SELL GOLD,,0.7093295,GGM,GBP,47.7494,12/03/2020 09:48
Sumaiya,Grey,sumaiya.grey@mailinator.com,BUY GOLD,,48.9500048,GBP,GGM,48.4343,05/04/2020 19:42
Danni,Stevens,danni.stevens@mailinator.com,SELL GOLD,,0.6386187,GGM,GBP,47.7534,17/02/2020 00:14
Orlaith,Edge,orlaith.edge@mailinator.com,BUY GOLD,,42.9021358,GBP,GGM,47.7937,27/04/2020 05:51
Alba,Needham,alba.needham@mailinator.com,SELL GOLD,,0.3943025,GGM,GBP,47.7497,31/05/2020 03:35
Lana,Chandler,lana.chandler@mailinator.com,CARD SPEND,5441,42.9344161,GBP,GGM,47.7143,30/05/2020 12:25
Janine,Bryan,janine.bryan@mailinator.com,CARD SPEND,5462,70.3036063,GBP,GGM,47.7478,21/01/2020 07:07
Marwa,Plummer,marwa.plummer@mailinator.com,CARD SPEND,5013,1.7528027,GGM,GBP,47.7096,10/07/2020 14:27
Hilary,Downes,hilary.downes@mailinator.com,CARD SPEND,5441,83.1032769,GBP,GGM,47.7534,23/07/2020 17:45
Areeb,Hawes,areeb.hawes@mailinator.com,CARD SPEND,5045,1.3244004,GGM,GBP,48.4343,08/08/2020 18:13
Maxime,Hollis,maxime.hollis@mailinator.com,CARD SPEND,5462,85.9340553,GBP,GGM,47.7096,30/06/2020 20:36
Arjun,Corona,arjun.corona@mailinator.com,BUY GOLD,,99.8339901,GBP,GGM,47.7937,06/05/2020 19:15
Vicki,Foster,vicki.foster@mailinator.com,BUY GOLD,,18.0733954,GBP,GGM,48.5679,08/02/2020 18:11
Corbin,Squires,corbin.squires@mailinator.com,SELL GOLD,,0.7390534,GGM,GBP,47.7937,12/01/2020 16:41
Caelan,Rees,caelan.rees@mailinator.com,CARD SPEND,5021,52.7235383,GBP,GGM,47.7494,12/01/2020 11:31
Lea,Pugh,lea.pugh@mailinator.com,CARD SPEND,5441,0.7297723,GGM,GBP,47.7143,19/01/2020 21:27
Amara,Case,amara.case@mailinator.com,BUY GOLD,,44.4098027,GBP,GGM,47.7543,05/08/2020 21:10
Lucinda,Rutledge,lucinda.rutledge@mailinator.com,CARD SPEND,5021,49.4796734,GBP,GGM,47.7555,16/03/2020 12:47
Umaiza,Sadler,umaiza.sadler@mailinator.com,CARD SPEND,5013,0.8990305,GGM,GBP,47.7096,14/04/2020 17:20
Habiba,Winters,habiba.winters@mailinator.com,CARD SPEND,5411,33.573886,GBP,GGM,47.7534,27/08/2020 16:38
Elaina,Milne,elaina.milne@mailinator.com,BUY GOLD,,16.2632063,GBP,GGM,47.7515,24/05/2020 23:33
Georgiana,Gallagher,georgiana.gallagher@mailinator.com,CARD SPEND,5013,0.7363018,GGM,GBP,47.7143,09/07/2020 21:33
Tiarna,Flower,tiarna.flower@mailinator.com,SELL GOLD,,0.5842149,GGM,GBP,48.5679,09/02/2020 04:35
Vikram,Denton,vikram.denton@mailinator.com,SELL GOLD,,1.3860197,GGM,GBP,48.4343,09/01/2020 15:10
Jay-Jay,Blaese,jay-jay.blaese@mailinator.com,SELL GOLD,,0.5522554,GGM,GBP,48.4343,16/02/2020 11:00
Ronaldo,Skinner,ronaldo.skinner@mailinator.com,SELL GOLD,,0.8648378,GGM,GBP,47.7543,24/02/2020 10:08
Lowri,Downs,lowri.downs@mailinator.com,CARD SPEND,5311,1.8288601,GGM,GBP,47.7478,29/04/2020 04:19
Reema,Wainwright,reema.wainwright@mailinator.com,BUY GOLD,,45.1197221,GBP,GGM,47.7143,01/01/2020 05:14
Alina,Goodwin,alina.goodwin@mailinator.com,CARD SPEND,5072,14.6232507,GBP,GGM,47.7515,08/04/2020 14:14
Lois,Rojas,lois.rojas@mailinator.com,SELL GOLD,,0.4100714,GGM,GBP,47.0892,12/07/2020 07:15
Sherri,Ballard,sherri.ballard@mailinator.com,CARD SPEND,5441,1.8610492,GGM,GBP,48.0231,08/03/2020 00:02
Amar,Padilla,amar.padilla@mailinator.com,CARD SPEND,5311,79.1995557,GBP,GGM,47.7515,14/05/2020 14:04
Tamera,Mcdermott,tamera.mcdermott@mailinator.com,CARD SPEND,5013,20.943066,GBP,GGM,47.7096,14/05/2020 09:57
Grant,Burn,grant.burn@mailinator.com,SELL GOLD,,1.2183421,GGM,GBP,47.7497,20/07/2020 09:51
Cecil,Stephenson,cecil.stephenson@mailinator.com,CARD SPEND,5045,1.7213098,GGM,GBP,47.7555,13/07/2020 19:37
Reuben,Leach,reuben.leach@mailinator.com,CARD SPEND,5411,0.2848906,GGM,GBP,47.7096,10/03/2020 22:03
Ziva,Farrell,ziva.farrell@mailinator.com,SELL GOLD,,0.6898446,GGM,GBP,48.4343,05/05/2020 07:26
Emilie,Marsden,emilie.marsden@mailinator.com,BUY GOLD,,64.6390579,GBP,GGM,47.7555,29/06/2020 23:03
Carter,Lawson,carter.lawson@mailinator.com,BUY GOLD,,23.9426664,GBP,GGM,47.7555,20/05/2020 00:13
Ocean,Stewart,ocean.stewart@mailinator.com,CARD SPEND,5072,0.9963825,GGM,GBP,47.7534,18/06/2020 13:03
Waseem,Akhtar,waseem.akhtar@mailinator.com,CARD SPEND,5072,1.5303668,GGM,GBP,47.7515,26/05/2020 11:34
Josephine,Chang,josephine.chang@mailinator.com,CARD SPEND,5462,0.0930822,GGM,GBP,47.7096,24/07/2020 12:29
Usman,Dodson,usman.dodson@mailinator.com,CARD SPEND,5045,19.8621998,GBP,GGM,47.7143,21/04/2020 22:23
Lillia,Bowman,lillia.bowman@mailinator.com,CARD SPEND,5311,1.8086796,GGM,GBP,48.0231,15/01/2020 17:31
Ffion,Jimenez,ffion.jimenez@mailinator.com,CARD SPEND,5411,1.0346943,GGM,GBP,47.0892,08/06/2020 03:57
Karolina,Choi,karolina.choi@mailinator.com,BUY GOLD,,61.2364997,GBP,GGM,47.7143,31/01/2020 07:49
Charly,Frost,charly.frost@mailinator.com,CARD SPEND,5311,10.5173081,GBP,GGM,47.7143,12/03/2020 16:15
Julien,Rowe,julien.rowe@mailinator.com,SELL GOLD,,1.7877373,GGM,GBP,47.7096,28/03/2020 16:52
Archer,Melia,archer.melia@mailinator.com,CARD SPEND,5021,98.7341316,GBP,GGM,47.7497,31/07/2020 19:15
Hasnain,Mccarty,hasnain.mccarty@mailinator.com,SELL GOLD,,1.2883302,GGM,GBP,48.0231,17/02/2020 23:17
Luciana,Zavala,luciana.zavala@mailinator.com,SELL GOLD,,1.9949837,GGM,GBP,47.7143,26/08/2020 17:39
Haydon,Whitehouse,haydon.whitehouse@mailinator.com,BUY GOLD,,99.1760177,GBP,GGM,47.7543,16/08/2020 15:18
Abigail,Glover,abigail.glover@mailinator.com,CARD SPEND,5072,66.040327,GBP,GGM,47.7071,29/03/2020 03:00
August,Lara,august.lara@mailinator.com,BUY GOLD,,56.7639465,GBP,GGM,48.4343,06/05/2020 12:16
Sarah-Louise,Blackburn,sarah-louise.blackburn@mailinator.com,CARD SPEND,5441,1.8424648,GGM,GBP,47.7494,06/08/2020 12:08
Tamanna,Wilks,tamanna.wilks@mailinator.com,BUY GOLD,,75.2464291,GBP,GGM,47.7555,30/01/2020 07:52
Salim,Palacios,salim.palacios@mailinator.com,BUY GOLD,,53.9524842,GBP,GGM,47.7478,09/07/2020 11:04
Lloyd,Blanchard,lloyd.blanchard@mailinator.com,CARD SPEND,5072,57.2712135,GBP,GGM,47.7071,28/04/2020 01:44
Magdalena,Miles,magdalena.miles@mailinator.com,SELL GOLD,,2.0073802,GGM,GBP,47.7494,24/05/2020 22:18
Todd,Heaton,todd.heaton@mailinator.com,SELL GOLD,,1.5412406,GGM,GBP,47.0892,17/07/2020 23:26
Giorgia,Traynor,giorgia.traynor@mailinator.com,SELL GOLD,,1.0780531,GGM,GBP,47.7534,23/07/2020 22:52
Bertie,Guest,bertie.guest@mailinator.com,CARD SPEND,5311,0.179337,GGM,GBP,47.7555,17/03/2020 12:20
Aarron,Buchanan,aarron.buchanan@mailinator.com,SELL GOLD,,1.9214379,GGM,GBP,47.7071,09/04/2020 00:33
Tia,Hardin,tia.hardin@mailinator.com,SELL GOLD,,1.6713021,GGM,GBP,47.7497,09/01/2020 04:12
Rowena,Hardy,rowena.hardy@mailinator.com,CARD SPEND,5311,60.4446026,GBP,GGM,47.7494,08/02/2020 15:53
Opal,Holman,opal.holman@mailinator.com,CARD SPEND,5311,0.2083422,GGM,GBP,48.5679,18/04/2020 14:41
Sue,Mcmanus,sue.mcmanus@mailinator.com,SELL GOLD,,1.3540819,GGM,GBP,47.7497,01/04/2020 21:15
Siraj,Donnelly,siraj.donnelly@mailinator.com,SELL GOLD,,2.0178205,GGM,GBP,47.7494,04/02/2020 15:28
Thierry,Terrell,thierry.terrell@mailinator.com,BUY GOLD,,61.614,GBP,GGM,47.7494,03/03/2020 15:06
Etta,Galindo,etta.galindo@mailinator.com,BUY GOLD,,54.0594572,GBP,GGM,48.5679,13/01/2020 12:00
Ann-Marie,Macleod,ann-marie.macleod@mailinator.com,CARD SPEND,5013,54.7821299,GBP,GGM,47.7555,12/07/2020 14:51
Amie,Irwin,amie.irwin@mailinator.com,CARD SPEND,5441,0.7699215,GGM,GBP,47.7494,01/02/2020 15:05
Brooke,Rossi,brooke.rossi@mailinator.com,CARD SPEND,5013,1.378835,GGM,GBP,47.7478,27/06/2020 10:05
Ferne,Kavanagh,ferne.kavanagh@mailinator.com,CARD SPEND,5462,56.4633355,GBP,GGM,47.7534,12/01/2020 06:33
Hana,Cross,hana.cross@mailinator.com,SELL GOLD,,1.9628271,GGM,GBP,47.7478,14/03/2020 17:04
Kezia,Walton,kezia.walton@mailinator.com,CARD SPEND,5013,0.1267906,GGM,GBP,47.7515,03/03/2020 21:04
Maryam,Whitmore,maryam.whitmore@mailinator.com,CARD SPEND,5045,15.8176407,GBP,GGM,47.7478,13/07/2020 23:05
Mina,Holden,mina.holden@mailinator.com,CARD SPEND,5045,85.2703499,GBP,GGM,48.5679,16/06/2020 22:38
Nabil,Gibbons,nabil.gibbons@mailinator.com,SELL GOLD,,0.6019323,GGM,GBP,48.0231,20/01/2020 18:57
Emeli,Mosley,emeli.mosley@mailinator.com,CARD SPEND,5072,58.7603747,GBP,GGM,48.4343,15/08/2020 07:04
Elwood,Beard,elwood.beard@mailinator.com,BUY GOLD,,12.4272941,GBP,GGM,47.7071,09/01/2020 00:16
Idrees,Berry,idrees.berry@mailinator.com,BUY GOLD,,71.2158482,GBP,GGM,48.5679,19/04/2020 09:19
Krisha,Mills,krisha.mills@mailinator.com,CARD SPEND,5441,60.3508303,GBP,GGM,47.7937,21/06/2020 09:57
Paisley,Peralta,paisley.peralta@mailinator.com,BUY GOLD,,22.2906375,GBP,GGM,47.7071,31/12/2019 19:38
Louise,Carty,louise.carty@mailinator.com,CARD SPEND,5462,1.0867867,GGM,GBP,47.7543,11/06/2020 20:21
Adelaide,Williamson,adelaide.williamson@mailinator.com,SELL GOLD,,1.3953403,GGM,GBP,47.7534,05/04/2020 23:16
Nikki,Wall,nikki.wall@mailinator.com,CARD SPEND,5072,0.2890574,GGM,GBP,48.5679,03/02/2020 23:03
Kanye,Mendez,kanye.mendez@mailinator.com,CARD SPEND,5441,0.4430951,GGM,GBP,47.7543,26/02/2020 23:28
Neve,Lloyd,neve.lloyd@mailinator.com,CARD SPEND,5462,0.2506279,GGM,GBP,47.7497,08/07/2020 12:12
Weronika,Alvarez,weronika.alvarez@mailinator.com,CARD SPEND,5462,36.2990162,GBP,GGM,47.7543,05/01/2020 16:26
Olivia,Howarth,olivia.howarth@mailinator.com,CARD SPEND,5021,0.5841013,GBP,GGM,47.7937,26/05/2020 16:55
Ahmad,Solis,ahmad.solis@mailinator.com,SELL GOLD,,0.9192685,GGM,GBP,47.7143,14/06/2020 19:10
Amina,Mclellan,amina.mclellan@mailinator.com,BUY GOLD,,21.247743,GBP,GGM,47.7071,29/02/2020 20:18
Sabina,Buckley,sabina.buckley@mailinator.com,CARD SPEND,5045,0.2622462,GGM,GBP,47.7497,19/08/2020 12:02
Abel,Jefferson,abel.jefferson@mailinator.com,CARD SPEND,5045,81.4415709,GBP,GGM,47.7543,16/06/2020 12:42
Hussain,O'Reilly,hussain.o'reilly@mailinator.com,BUY GOLD,,15.0007039,GBP,GGM,47.7515,03/03/2020 09:39
Isa,Foley,isa.foley@mailinator.com,CARD SPEND,5311,0.5623196,GGM,GBP,47.7555,10/02/2020 00:56
Adrienne,Rowland,adrienne.rowland@mailinator.com,CARD SPEND,5072,45.0264654,GBP,GGM,47.7143,11/07/2020 00:52
Fredrick,Bowler,fredrick.bowler@mailinator.com,CARD SPEND,5441,1.9121212,GGM,GBP,47.7497,27/05/2020 13:15
Riccardo,Boyer,riccardo.boyer@mailinator.com,CARD SPEND,5462,80.4319341,GBP,GGM,47.7478,15/08/2020 17:26
Adrianna,Holman,adrianna.holman@mailinator.com,SELL GOLD,,0.7961535,GGM,GBP,47.7096,02/04/2020 14:13
Yehuda,Willis,yehuda.willis@mailinator.com,BUY GOLD,,53.2262867,GBP,GGM,47.7555,22/06/2020 20:57
Alyce,Murillo,alyce.murillo@mailinator.com,BUY GOLD,,16.5117238,GBP,GGM,47.7937,12/08/2020 15:51
Elijah,Li,elijah.li@mailinator.com,CARD SPEND,5441,1.6467828,GGM,GBP,48.4343,11/05/2020 18:48
Jamelia,Macias,jamelia.macias@mailinator.com,CARD SPEND,5021,0.7620769,GGM,GBP,48.4343,15/04/2020 03:18
Karim,Mueller,karim.mueller@mailinator.com,SELL GOLD,,2.1065794,GGM,GBP,47.0892,16/02/2020 09:07
Harlen,Hope,harlen.hope@mailinator.com,SELL GOLD,,0.6575166,GGM,GBP,47.0892,06/03/2020 11:18
Habiba,Ireland,habiba.ireland@mailinator.com,BUY GOLD,,98.4861914,GBP,GGM,47.7937,25/05/2020 06:06
Huda,Burns,huda.burns@mailinator.com,SELL GOLD,,0.1417324,GGM,GBP,47.7555,27/02/2020 07:46
Eloise,Greer,eloise.greer@mailinator.com,CARD SPEND,5311,1.2971028,GGM,GBP,48.4343,21/08/2020 16:31
Casper,Kramer,casper.kramer@mailinator.com,BUY GOLD,,21.1049956,GBP,GGM,47.7143,24/02/2020 17:58
Riaz,Cline,riaz.cline@mailinator.com,SELL GOLD,,1.9535988,GGM,GBP,47.7143,31/07/2020 08:50
Lacie-Mae,Acevedo,lacie-mae.acevedo@mailinator.com,BUY GOLD,,57.6789518,GBP,GGM,47.7096,03/03/2020 03:44
Olivia-Grace,Suarez,olivia-grace.suarez@mailinator.com,SELL GOLD,,0.0037567,GGM,GBP,47.7494,25/04/2020 05:13
Beauden,Puckett,beauden.puckett@mailinator.com,CARD SPEND,5462,0.3685947,GGM,GBP,47.7071,24/05/2020 13:04
Charlene,Holt,charlene.holt@mailinator.com,CARD SPEND,5072,0.3643212,GGM,GBP,47.7478,21/02/2020 13:14
Elena,Chester,elena.chester@mailinator.com,CARD SPEND,5013,47.6011424,GBP,GGM,47.7096,22/08/2020 07:09
Janae,Wilkinson,janae.wilkinson@mailinator.com,CARD SPEND,5411,70.007496,GBP,GGM,47.7478,06/04/2020 10:09
Charly,Ball,charly.ball@mailinator.com,CARD SPEND,5021,68.7939261,GBP,GGM,47.7143,14/04/2020 16:02
Maurice,Eastwood,maurice.eastwood@mailinator.com,BUY GOLD,,40.652768,GBP,GGM,47.7096,23/03/2020 21:20
Ocean,Reeve,ocean.reeve@mailinator.com,CARD SPEND,5072,27.918473,GBP,GGM,47.7515,14/01/2020 00:45
Zaara,Gould,zaara.gould@mailinator.com,CARD SPEND,5072,0.9379994,GGM,GBP,47.7143,28/02/2020 17:33
Rhian,Garner,rhian.garner@mailinator.com,SELL GOLD,,0.4604669,GGM,GBP,47.7143,22/03/2020 21:47
Roseanna,Parker,roseanna.parker@mailinator.com,BUY GOLD,,40.0934846,GBP,GGM,47.7071,13/05/2020 13:18
Marshall,Zamora,marshall.zamora@mailinator.com,CARD SPEND,5311,22.7118988,GBP,GGM,47.7515,19/02/2020 03:39
Raheel,Owens,raheel.owens@mailinator.com,BUY GOLD,,14.9447453,GBP,GGM,48.5679,24/07/2020 05:22
Kurt,Tanner,kurt.tanner@mailinator.com,CARD SPEND,5021,90.1875061,GBP,GGM,47.7143,12/03/2020 19:52
Ellena,Kirby,ellena.kirby@mailinator.com,CARD SPEND,5411,10.8283382,GBP,GGM,47.7937,27/07/2020 10:56
Cassie,Rojas,cassie.rojas@mailinator.com,CARD SPEND,5021,1.6537967,GGM,GBP,47.7497,24/06/2020 16:10
Terrence,Devlin,terrence.devlin@mailinator.com,CARD SPEND,5045,0.5703924,GGM,GBP,47.7555,21/02/2020 05:53
Talitha,Mayo,talitha.mayo@mailinator.com,CARD SPEND,5072,0.2251469,GGM,GBP,47.7478,28/05/2020 08:51
Janelle,Burton,janelle.burton@mailinator.com,BUY GOLD,,39.6439888,GBP,GGM,48.0231,05/08/2020 19:01
Aleyna,Whitworth,aleyna.whitworth@mailinator.com,CARD SPEND,5072,17.6338815,GBP,GGM,47.7543,21/08/2020 21:19
Ayat,Johnston,ayat.johnston@mailinator.com,CARD SPEND,5045,1.2574449,GGM,GBP,47.7071,09/04/2020 21:18
Theia,Dunkley,theia.dunkley@mailinator.com,CARD SPEND,5311,1.2547656,GGM,GBP,47.7937,23/06/2020 21:35
Muhammad,Landry,muhammad.landry@mailinator.com,BUY GOLD,,82.7045459,GBP,GGM,47.7143,23/04/2020 15:40
Miranda,Craig,miranda.craig@mailinator.com,CARD SPEND,5462,15.3945254,GBP,GGM,47.7534,01/07/2020 21:34
Maureen,Ventura,maureen.ventura@mailinator.com,SELL GOLD,,0.6005988,GGM,GBP,47.7555,19/05/2020 22:35
Emmett,Easton,emmett.easton@mailinator.com,CARD SPEND,5462,48.3577356,GBP,GGM,47.7494,10/03/2020 18:50
Brandan,Riley,brandan.riley@mailinator.com,CARD SPEND,5462,97.6021716,GBP,GGM,47.7937,15/03/2020 07:22
Alivia,Rubio,alivia.rubio@mailinator.com,SELL GOLD,,1.8537336,GGM,GBP,47.0892,07/07/2020 08:59
Bibi,Stamp,bibi.stamp@mailinator.com,CARD SPEND,5072,0.2851704,GGM,GBP,48.5679,29/02/2020 12:39
Jonathan,Woods,jonathan.woods@mailinator.com,CARD SPEND,5311,78.1419511,GBP,GGM,47.7497,05/03/2020 04:30
Kyron,Hoffman,kyron.hoffman@mailinator.com,CARD SPEND,5441,33.3366624,GBP,GGM,48.4343,24/05/2020 08:02
Piotr,Owen,piotr.owen@mailinator.com,CARD SPEND,5021,92.742695,GBP,GGM,47.0892,25/04/2020 10:47
Chyna,Parrish,chyna.parrish@mailinator.com,CARD SPEND,5013,1.4430524,GGM,GBP,48.0231,22/02/2020 09:35
Malaki,Sanderson,malaki.sanderson@mailinator.com,SELL GOLD,,1.1402202,GGM,GBP,47.0892,25/05/2020 03:03
Elaina,Whitehead,elaina.whitehead@mailinator.com,SELL GOLD,,0.6052324,GGM,GBP,48.5679,06/02/2020 16:09
Santiago,Sykes,santiago.sykes@mailinator.com,SELL GOLD,,1.3856021,GGM,GBP,47.0892,30/01/2020 05:59
Kate,Price,kate.price@mailinator.com,SELL GOLD,,0.8545753,GGM,GBP,47.7543,19/04/2020 08:27
Alishia,Gill,alishia.gill@mailinator.com,CARD SPEND,5072,1.9993132,GGM,GBP,47.7543,23/08/2020 15:19
Debbie,Davey,debbie.davey@mailinator.com,BUY GOLD,,88.1221588,GBP,GGM,48.4343,26/08/2020 18:32
Annalise,Rivera,annalise.rivera@mailinator.com,CARD SPEND,5072,55.5959668,GBP,GGM,47.7071,18/04/2020 23:08
Ayrton,Roman,ayrton.roman@mailinator.com,CARD SPEND,5411,1.1223225,GGM,GBP,47.7543,25/08/2020 20:05
Sharon,Robin,sharon.robin@mailinator.com,SELL GOLD,,0.0480396,GGM,GBP,47.7555,04/05/2020 22:16
Cherish,Nolan,cherish.nolan@mailinator.com,SELL GOLD,,1.6211699,GGM,GBP,47.7937,13/01/2020 00:19
Natan,Gibbons,natan.gibbons@mailinator.com,CARD SPEND,5441,95.1047796,GBP,GGM,47.7096,01/07/2020 13:41
Rogan,Ramsey,rogan.ramsey@mailinator.com,BUY GOLD,,80.057915,GBP,GGM,47.7555,26/07/2020 05:41
Sahib,Blake,sahib.blake@mailinator.com,CARD SPEND,5462,0.4038717,GGM,GBP,47.7494,31/01/2020 04:08
Clayton,Lindsey,clayton.lindsey@mailinator.com,BUY GOLD,,81.1261186,GBP,GGM,47.7143,25/08/2020 16:38
Ezekiel,Lim,ezekiel.lim@mailinator.com,CARD SPEND,5441,56.9653812,GBP,GGM,47.7497,19/02/2020 15:33
Shawn,Dale,shawn.dale@mailinator.com,BUY GOLD,,76.991302,GBP,GGM,48.5679,18/02/2020 06:30
Kelis,Jaramillo,kelis.jaramillo@mailinator.com,CARD SPEND,5072,36.9849128,GBP,GGM,47.7096,27/06/2020 15:09
Murphy,Schultz,murphy.schultz@mailinator.com,CARD SPEND,5441,90.299877,GBP,GGM,47.7534,12/08/2020 14:00
Rafael,Russell,rafael.russell@mailinator.com,CARD SPEND,5013,0.6607721,GGM,GBP,47.7515,25/02/2020 21:06
Ubaid,England,ubaid.england@mailinator.com,SELL GOLD,,0.4621027,GGM,GBP,47.7555,18/03/2020 20:42
Kajus,Oconnor,kajus.oconnor@mailinator.com,BUY GOLD,,61.5245463,GBP,GGM,48.5679,21/04/2020 15:21
Warren,Stein,warren.stein@mailinator.com,CARD SPEND,5045,0.2725844,GGM,GBP,47.7937,27/04/2020 20:53
Courteney,Holland,courteney.holland@mailinator.com,BUY GOLD,,96.0621367,GBP,GGM,47.0892,15/08/2020 18:26
Russell,Quintana,russell.quintana@mailinator.com,BUY GOLD,,14.2389262,GBP,GGM,47.7515,31/03/2020 11:32
Eduard,Butler,eduard.butler@mailinator.com,CARD SPEND,5021,6.9962808,GBP,GGM,48.4343,21/02/2020 04:42
Rome,Delgado,rome.delgado@mailinator.com,BUY GOLD,,96.4008312,GBP,GGM,47.7143,17/08/2020 21:03
Jaspal,Frey,jaspal.frey@mailinator.com,SELL GOLD,,1.4289655,GGM,GBP,47.7494,04/06/2020 10:34
Conor,Morrow,conor.morrow@mailinator.com,CARD SPEND,5072,0.8579292,GGM,GBP,47.7478,18/04/2020 17:39
Zuzanna,Hastings,zuzanna.hastings@mailinator.com,CARD SPEND,5045,0.3262495,GGM,GBP,47.7494,11/08/2020 17:51
Sammy-Jo,Kendall,sammy-jo.kendall@mailinator.com,BUY GOLD,,17.1252905,GBP,GGM,48.5679,17/03/2020 15:02
Lauren,Soto,lauren.soto@mailinator.com,SELL GOLD,,0.7989556,GGM,GBP,47.7497,12/05/2020 15:40
Leela,Hodge,leela.hodge@mailinator.com,CARD SPEND,5411,95.8523362,GBP,GGM,47.0892,06/08/2020 03:41
Zayden,Jackson,zayden.jackson@mailinator.com,CARD SPEND,5411,0.2039092,GGM,GBP,47.0892,06/08/2020 04:34
Tyrique,Farrow,tyrique.farrow@mailinator.com,CARD SPEND,5021,0.2050632,GGM,GBP,47.7515,04/03/2020 05:56
Jodi,Hail,jodi.hail@mailinator.com,SELL GOLD,,0.512307,GGM,GBP,47.7071,04/03/2020 11:18
Evie-Rose,Cartwright,evie-rose.cartwright@mailinator.com,SELL GOLD,,0.484018,GGM,GBP,47.7515,04/02/2020 02:08
Ilyas,Redmond,ilyas.redmond@mailinator.com,CARD SPEND,5462,95.4319265,GBP,GGM,47.7534,20/04/2020 06:35
Murat,Snider,murat.snider@mailinator.com,BUY GOLD,,29.8125292,GBP,GGM,48.4343,20/03/2020 12:20
Simone,Halliday,simone.halliday@mailinator.com,SELL GOLD,,1.8884539,GGM,GBP,48.4343,26/04/2020 02:49
Tyrone,Prentice,tyrone.prentice@mailinator.com,SELL GOLD,,2.0025817,GGM,GBP,47.0892,19/01/2020 07:41
Kean,Brock,kean.brock@mailinator.com,BUY GOLD,,46.8010094,GBP,GGM,47.7534,04/05/2020 20:15
Junayd,Frederick,junayd.frederick@mailinator.com,CARD SPEND,5311,0.4621104,GGM,GBP,48.5679,16/03/2020 07:10
Verity,Sullivan,verity.sullivan@mailinator.com,BUY GOLD,,45.9212425,GBP,GGM,47.7534,20/07/2020 19:56
Ibrar,Carlson,ibrar.carlson@mailinator.com,SELL GOLD,,0.496303,GGM,GBP,48.0231,14/05/2020 19:41
Loki,Walters,loki.walters@mailinator.com,CARD SPEND,5045,2.0262248,GGM,GBP,48.4343,19/08/2020 08:42
Ace,Reid,ace.reid@mailinator.com,CARD SPEND,5411,1.741181,GGM,GBP,48.4343,10/01/2020 17:24
Arfa,Monroe,arfa.monroe@mailinator.com,SELL GOLD,,1.7272571,GGM,GBP,47.7497,31/12/2019 05:30
Tessa,Browning,tessa.browning@mailinator.com,SELL GOLD,,0.7852698,GGM,GBP,47.7494,10/01/2020 22:16
Emmanuel,Beltran,emmanuel.beltran@mailinator.com,SELL GOLD,,1.1882116,GGM,GBP,47.7543,13/01/2020 02:36
Rukhsar,Dorsey,rukhsar.dorsey@mailinator.com,CARD SPEND,5311,24.4556163,GBP,GGM,47.0892,26/07/2020 17:46
Madeeha,Rees,madeeha.rees@mailinator.com,BUY GOLD,,35.6047282,GBP,GGM,47.7071,18/07/2020 10:48
Tyriq,Sparrow,tyriq.sparrow@mailinator.com,BUY GOLD,,3.0610511,GBP,GGM,47.7937,19/04/2020 14:33
Tommy,Schultz,tommy.schultz@mailinator.com,CARD SPEND,5072,20.1199504,GBP,GGM,47.7143,07/03/2020 08:18
Zubair,Simmonds,zubair.simmonds@mailinator.com,CARD SPEND,5045,1.9728504,GGM,GBP,47.0892,07/06/2020 20:52
Dorothy,Rivers,dorothy.rivers@mailinator.com,CARD SPEND,5021,65.430299,GBP,GGM,48.5679,27/08/2020 03:58
Isaiah,Waters,isaiah.waters@mailinator.com,CARD SPEND,5021,29.1441605,GBP,GGM,47.7543,19/02/2020 01:42
Harmony,Riddle,harmony.riddle@mailinator.com,CARD SPEND,5072,0.3858533,GGM,GBP,47.7497,28/07/2020 15:27
Yuvraj,Sutton,yuvraj.sutton@mailinator.com,CARD SPEND,5013,1.105904,GGM,GBP,47.7494,01/06/2020 19:45
Kirsty,Randall,kirsty.randall@mailinator.com,CARD SPEND,5462,0.6507341,GGM,GBP,47.7096,26/06/2020 22:10
Maksymilian,Peacock,maksymilian.peacock@mailinator.com,SELL GOLD,,1.7009805,GGM,GBP,47.7534,31/05/2020 11:06
Mayur,Williams,mayur.williams@mailinator.com,CARD SPEND,5462,0.4814967,GGM,GBP,47.7555,04/07/2020 10:45
Ayesha,Turnbull,ayesha.turnbull@mailinator.com,CARD SPEND,5045,28.3816396,GBP,GGM,47.7071,24/06/2020 12:18
Danny,Mejia,danny.mejia@mailinator.com,CARD SPEND,5311,1.9211118,GGM,GBP,48.4343,08/01/2020 14:28
Taran,Farley,taran.farley@mailinator.com,SELL GOLD,,1.5578596,GGM,GBP,47.0892,01/03/2020 07:42
Aneesah,Gale,aneesah.gale@mailinator.com,SELL GOLD,,0.6966979,GGM,GBP,47.7071,23/08/2020 00:08
Elvis,Conley,elvis.conley@mailinator.com,CARD SPEND,5311,47.5493196,GBP,GGM,47.7497,07/01/2020 11:43
Cosmo,Mansell,cosmo.mansell@mailinator.com,CARD SPEND,5441,1.8015977,GGM,GBP,47.7543,03/02/2020 23:26
Louise,Mathews,louise.mathews@mailinator.com,CARD SPEND,5045,1.4324142,GGM,GBP,47.7143,09/06/2020 14:39
Simon,Gamble,simon.gamble@mailinator.com,CARD SPEND,5072,15.7674183,GBP,GGM,47.0892,24/02/2020 05:55
Komal,O'Moore,komal.o'moore@mailinator.com,CARD SPEND,5411,47.733832,GBP,GGM,48.0231,24/03/2020 16:49
Rachelle,Cochran,rachelle.cochran@mailinator.com,CARD SPEND,5411,74.1832898,GBP,GGM,48.5679,06/04/2020 12:40
Nella,Compton,nella.compton@mailinator.com,SELL GOLD,,0.5592417,GGM,GBP,48.4343,08/05/2020 17:25
Monica,Hartley,monica.hartley@mailinator.com,CARD SPEND,5072,1.2558715,GGM,GBP,48.0231,31/03/2020 06:42
Izzy,Jones,izzy.jones@mailinator.com,CARD SPEND,5411,1.8133449,GGM,GBP,47.7497,19/04/2020 06:53
Conan,Russell,conan.russell@mailinator.com,CARD SPEND,5072,0.4129649,GGM,GBP,47.7478,24/07/2020 10:45
Amman,Merritt,amman.merritt@mailinator.com,CARD SPEND,5411,3.6643568,GBP,GGM,47.0892,25/06/2020 10:37
Toby,O'Gallagher,toby.o'gallagher@mailinator.com,CARD SPEND,5411,4.0184031,GBP,GGM,47.7494,12/06/2020 02:49
Kaden,Wise,kaden.wise@mailinator.com,CARD SPEND,5411,1.3517891,GGM,GBP,48.0231,30/05/2020 10:13
Ismael,Vega,ismael.vega@mailinator.com,CARD SPEND,5072,66.9068843,GBP,GGM,48.5679,15/06/2020 09:49
Edwin,Dunkley,edwin.dunkley@mailinator.com,BUY GOLD,,8.4719761,GBP,GGM,48.5679,09/03/2020 20:02
Vijay,Macias,vijay.macias@mailinator.com,SELL GOLD,,1.0514498,GGM,GBP,47.7143,18/05/2020 10:42
Nida,Sears,nida.sears@mailinator.com,CARD SPEND,5311,73.4903298,GBP,GGM,47.7543,06/01/2020 18:39
Clyde,Senior,clyde.senior@mailinator.com,CARD SPEND,5021,47.1654163,GBP,GGM,47.7543,03/08/2020 03:37
Etienne,Blanchard,etienne.blanchard@mailinator.com,BUY GOLD,,13.6306998,GBP,GGM,48.4343,28/01/2020 03:28
Dustin,Wormald,dustin.wormald@mailinator.com,CARD SPEND,5462,87.5248566,GBP,GGM,47.7515,03/04/2020 01:33
Chanelle,Chase,chanelle.chase@mailinator.com,BUY GOLD,,3.3940975,GBP,GGM,48.5679,15/05/2020 20:27
Jacques,Myers,jacques.myers@mailinator.com,SELL GOLD,,1.5184687,GGM,GBP,47.7515,12/08/2020 23:50
Shreya,Rocha,shreya.rocha@mailinator.com,CARD SPEND,5045,0.3144401,GGM,GBP,47.7071,01/01/2020 04:58
Dawid,Reed,dawid.reed@mailinator.com,CARD SPEND,5311,0.3141867,GGM,GBP,47.7143,14/07/2020 09:49
Shaunna,Gallegos,shaunna.gallegos@mailinator.com,BUY GOLD,,97.6689816,GBP,GGM,47.7143,24/05/2020 08:15
Ruari,Berger,ruari.berger@mailinator.com,CARD SPEND,5462,41.0213175,GBP,GGM,47.7478,02/01/2020 15:02
Euan,Mayo,euan.mayo@mailinator.com,CARD SPEND,5411,1.9792998,GGM,GBP,47.7534,13/03/2020 03:01
Huxley,Wall,huxley.wall@mailinator.com,SELL GOLD,,1.1135373,GGM,GBP,48.4343,29/01/2020 21:32
Eryk,Franklin,eryk.franklin@mailinator.com,CARD SPEND,5411,1.2374068,GGM,GBP,47.7096,06/05/2020 20:02
Alisa,Finch,alisa.finch@mailinator.com,CARD SPEND,5021,13.242027,GBP,GGM,47.7494,10/07/2020 00:16
Jose,Turner,jose.turner@mailinator.com,SELL GOLD,,0.4686714,GGM,GBP,47.7494,06/03/2020 07:35
Reya,Bartlett,reya.bartlett@mailinator.com,SELL GOLD,,1.3320364,GGM,GBP,47.7071,03/07/2020 07:55
Ebonie,Mccormick,ebonie.mccormick@mailinator.com,BUY GOLD,,14.4892898,GBP,GGM,47.7555,16/07/2020 03:02
Rhea,Bernard,rhea.bernard@mailinator.com,BUY GOLD,,18.7715951,GBP,GGM,47.7071,30/05/2020 00:24
Gareth,Sanchez,gareth.sanchez@mailinator.com,CARD SPEND,5021,0.9963853,GGM,GBP,48.5679,17/01/2020 12:28
Rikki,Mckinney,rikki.mckinney@mailinator.com,CARD SPEND,5311,87.8106531,GBP,GGM,47.7494,23/04/2020 09:39
Arsalan,Phillips,arsalan.phillips@mailinator.com,BUY GOLD,,9.5705411,GBP,GGM,47.7497,30/06/2020 07:18
Melina,Love,melina.love@mailinator.com,CARD SPEND,5021,60.9904228,GBP,GGM,47.0892,01/01/2020 13:11
Mert,Mccray,mert.mccray@mailinator.com,CARD SPEND,5045,0.0763452,GGM,GBP,47.7497,12/01/2020 09:51
Bartlomiej,Newman,bartlomiej.newman@mailinator.com,SELL GOLD,,0.4138961,GGM,GBP,47.7534,09/05/2020 14:16
Henri,Pearson,henri.pearson@mailinator.com,CARD SPEND,5441,1.3202237,GGM,GBP,47.7543,16/06/2020 06:26
Cathal,Hutchinson,cathal.hutchinson@mailinator.com,BUY GOLD,,64.8180949,GBP,GGM,47.7096,17/08/2020 12:41
Atlas,Woolley,atlas.woolley@mailinator.com,SELL GOLD,,1.2081675,GGM,GBP,47.7494,27/04/2020 17:32
Blessing,Crosby,blessing.crosby@mailinator.com,CARD SPEND,5311,75.7188834,GBP,GGM,47.0892,07/07/2020 08:53
Gabriel,Mercado,gabriel.mercado@mailinator.com,CARD SPEND,5072,0.548617,GGM,GBP,47.0892,09/06/2020 10:21
Lowri,Haney,lowri.haney@mailinator.com,BUY GOLD,,79.2240074,GBP,GGM,48.0231,08/05/2020 07:32
Giselle,Peel,giselle.peel@mailinator.com,CARD SPEND,5013,0.7208716,GGM,GBP,47.7515,08/07/2020 20:52
Justine,Hays,justine.hays@mailinator.com,BUY GOLD,,58.5622752,GBP,GGM,47.7143,08/07/2020 20:09
Hannah,Hibbert,hannah.hibbert@mailinator.com,SELL GOLD,,1.4070611,GGM,GBP,48.5679,19/06/2020 09:25
Nuha,Harrell,nuha.harrell@mailinator.com,CARD SPEND,5045,1.2670398,GGM,GBP,47.7543,28/05/2020 19:54
Kamila,Allen,kamila.allen@mailinator.com,CARD SPEND,5021,46.6396254,GBP,GGM,47.7515,27/07/2020 21:23
Maysa,Gould,maysa.gould@mailinator.com,BUY GOLD,,35.619595,GBP,GGM,47.7497,12/07/2020 21:12
Pearce,Leon,pearce.leon@mailinator.com,CARD SPEND,5021,1.899739,GGM,GBP,47.7534,13/05/2020 01:05
Bryan,Mullins,bryan.mullins@mailinator.com,CARD SPEND,5072,46.0964747,GBP,GGM,48.5679,10/02/2020 09:36
Gracie-May,Curran,gracie-may.curran@mailinator.com,BUY GOLD,,45.6259634,GBP,GGM,47.7555,12/06/2020 09:38
Arbaaz,Horner,arbaaz.horner@mailinator.com,CARD SPEND,5072,0.1927948,GGM,GBP,47.7543,11/03/2020 18:42
Suranne,Hardy,suranne.hardy@mailinator.com,SELL GOLD,,1.1919114,GGM,GBP,47.7543,15/08/2020 08:56
Husna,Gibson,husna.gibson@mailinator.com,CARD SPEND,5045,68.8520911,GBP,GGM,47.7478,10/05/2020 06:39
Ifan,Singleton,ifan.singleton@mailinator.com,CARD SPEND,5311,23.7819273,GBP,GGM,47.7555,12/02/2020 12:32
Kaylum,Randolph,kaylum.randolph@mailinator.com,BUY GOLD,,23.1746389,GBP,GGM,47.7494,07/07/2020 20:08
Zahid,Flowers,zahid.flowers@mailinator.com,BUY GOLD,,99.8275645,GBP,GGM,48.5679,06/08/2020 01:13
Barney,Mcnally,barney.mcnally@mailinator.com,CARD SPEND,5013,2.5479442,GBP,GGM,47.7937,28/01/2020 17:58
Petra,Joyner,petra.joyner@mailinator.com,SELL GOLD,,1.954539,GGM,GBP,47.7497,28/03/2020 21:35
Thea,Mcguire,thea.mcguire@mailinator.com,SELL GOLD,,0.3081217,GGM,GBP,47.7071,07/01/2020 09:46
Krzysztof,Fountain,krzysztof.fountain@mailinator.com,SELL GOLD,,0.9492786,GGM,GBP,47.7143,09/06/2020 01:49
Lia,Estes,lia.estes@mailinator.com,CARD SPEND,5441,1.6726801,GGM,GBP,48.5679,10/03/2020 13:04
Kie,Wallace,kie.wallace@mailinator.com,BUY GOLD,,54.0568096,GBP,GGM,47.7494,09/07/2020 15:55
Chelsy,Phan,chelsy.phan@mailinator.com,SELL GOLD,,1.7215733,GGM,GBP,47.7543,08/07/2020 10:24
Maxim,Chapman,maxim.chapman@mailinator.com,SELL GOLD,,1.28611,GGM,GBP,47.7478,26/05/2020 21:34
Ellesse,Dennis,ellesse.dennis@mailinator.com,BUY GOLD,,62.9281762,GBP,GGM,47.7071,07/08/2020 06:58
Amarah,Bassett,amarah.bassett@mailinator.com,BUY GOLD,,13.8095985,GBP,GGM,47.7497,12/02/2020 08:12
Kenneth,Oakley,kenneth.oakley@mailinator.com,CARD SPEND,5441,53.1986954,GBP,GGM,48.0231,27/04/2020 11:19
Rylee,Sullivan,rylee.sullivan@mailinator.com,SELL GOLD,,0.7523007,GGM,GBP,47.7096,19/04/2020 00:02
Mark,Irving,mark.irving@mailinator.com,BUY GOLD,,89.113265,GBP,GGM,47.7534,28/05/2020 05:00
Lauren,Donaldson,lauren.donaldson@mailinator.com,CARD SPEND,5013,25.9157264,GBP,GGM,47.7534,06/05/2020 10:11
Kayne,Brooks,kayne.brooks@mailinator.com,BUY GOLD,,83.6586443,GBP,GGM,47.7534,05/08/2020 11:05
Shaurya,Becker,shaurya.becker@mailinator.com,SELL GOLD,,0.0381672,GGM,GBP,47.7096,10/04/2020 10:20
Amos,Bright,amos.bright@mailinator.com,CARD SPEND,5021,0.0888625,GGM,GBP,47.7071,21/07/2020 20:35
Ammaar,Simpson,ammaar.simpson@mailinator.com,CARD SPEND,5045,17.4570172,GBP,GGM,48.0231,06/03/2020 19:04
Efan,Hollis,efan.hollis@mailinator.com,SELL GOLD,,0.8247739,GGM,GBP,48.4343,15/08/2020 00:23
Demi-Leigh,Roach,demi-leigh.roach@mailinator.com,BUY GOLD,,66.9208577,GBP,GGM,47.7494,16/05/2020 18:53
Finn,Vaughn,finn.vaughn@mailinator.com,BUY GOLD,,71.7136099,GBP,GGM,47.7494,13/07/2020 14:41
Ayisha,Harrington,ayisha.harrington@mailinator.com,SELL GOLD,,1.2695745,GGM,GBP,48.5679,02/05/2020 00:33
Kayley,Greaves,kayley.greaves@mailinator.com,BUY GOLD,,25.1195919,GBP,GGM,47.7096,08/02/2020 07:59
Manal,Paine,manal.paine@mailinator.com,CARD SPEND,5462,31.7547762,GBP,GGM,47.7071,04/03/2020 08:23
Gethin,Appleton,gethin.appleton@mailinator.com,BUY GOLD,,15.5347441,GBP,GGM,48.4343,18/06/2020 19:17
Jayce,Cunningham,jayce.cunningham@mailinator.com,BUY GOLD,,95.676596,GBP,GGM,47.7478,19/05/2020 23:56
Alister,Serrano,alister.serrano@mailinator.com,CARD SPEND,5045,1.5700483,GGM,GBP,48.4343,28/04/2020 17:55
Jannat,Freeman,jannat.freeman@mailinator.com,SELL GOLD,,2.0533808,GGM,GBP,47.7497,21/05/2020 13:22
Arnold,Lord,arnold.lord@mailinator.com,CARD SPEND,5021,1.1670618,GGM,GBP,47.7096,03/02/2020 09:32
Chase,Prince,chase.prince@mailinator.com,BUY GOLD,,61.3956682,GBP,GGM,47.7071,29/01/2020 07:18
Eleri,Mcnally,eleri.mcnally@mailinator.com,SELL GOLD,,0.6641799,GGM,GBP,47.7515,20/01/2020 15:46
Cassia,Gates,cassia.gates@mailinator.com,CARD SPEND,5441,1.8397327,GGM,GBP,47.7143,27/04/2020 17:49
Jamel,Mccormick,jamel.mccormick@mailinator.com,SELL GOLD,,0.5380492,GGM,GBP,47.7478,13/06/2020 06:30
Finlay,Rasmussen,finlay.rasmussen@mailinator.com,CARD SPEND,5311,1.7185959,GGM,GBP,47.7478,16/02/2020 15:51
Tamar,Rios,tamar.rios@mailinator.com,BUY GOLD,,76.3528547,GBP,GGM,47.7096,03/06/2020 21:04
Taha,Bain,taha.bain@mailinator.com,CARD SPEND,5311,0.2445669,GGM,GBP,47.7096,19/04/2020 10:40
Marek,Langley,marek.langley@mailinator.com,CARD SPEND,5441,1.0282486,GGM,GBP,47.7555,21/06/2020 05:27
Saqib,Russo,saqib.russo@mailinator.com,SELL GOLD,,1.1321938,GGM,GBP,48.4343,17/01/2020 20:37
Irving,Reader,irving.reader@mailinator.com,CARD SPEND,5021,0.2906327,GGM,GBP,47.7937,26/03/2020 23:20
Conall,Mccarthy,conall.mccarthy@mailinator.com,SELL GOLD,,1.1475916,GGM,GBP,47.0892,02/07/2020 15:40
Aleesha,Delaney,aleesha.delaney@mailinator.com,SELL GOLD,,1.5082943,GGM,GBP,47.7534,21/01/2020 01:59
Tre,Huynh,tre.huynh@mailinator.com,SELL GOLD,,1.3194557,GGM,GBP,47.7143,08/03/2020 15:05
Riccardo,Goodwin,riccardo.goodwin@mailinator.com,CARD SPEND,5013,78.6022424,GBP,GGM,47.7494,13/03/2020 12:09
Fannie,Cain,fannie.cain@mailinator.com,BUY GOLD,,48.8323615,GBP,GGM,47.7143,01/04/2020 13:22
Rahim,Findlay,rahim.findlay@mailinator.com,CARD SPEND,5411,64.2629313,GBP,GGM,47.7096,17/03/2020 12:47
Keagan,Shaffer,keagan.shaffer@mailinator.com,CARD SPEND,5462,59.02978,GBP,GGM,48.4343,04/07/2020 06:56
Ace,Fraser,ace.fraser@mailinator.com,BUY GOLD,,57.417958,GBP,GGM,48.5679,02/03/2020 21:57
Lennox,Benitez,lennox.benitez@mailinator.com,SELL GOLD,,0.3963448,GGM,GBP,47.0892,08/07/2020 23:55
Aqsa,Pugh,aqsa.pugh@mailinator.com,SELL GOLD,,1.5708643,GGM,GBP,47.7478,18/07/2020 02:13
Emily,Carlson,emily.carlson@mailinator.com,CARD SPEND,5013,0.5181969,GGM,GBP,47.7143,06/08/2020 13:41
Tiah,Collier,tiah.collier@mailinator.com,SELL GOLD,,1.6682354,GGM,GBP,47.7478,08/01/2020 07:16
Arianne,Martin,arianne.martin@mailinator.com,SELL GOLD,,1.1678524,GGM,GBP,47.7555,22/05/2020 03:00
Saanvi,Stuart,saanvi.stuart@mailinator.com,CARD SPEND,5441,1.0063314,GGM,GBP,47.7096,22/07/2020 07:19
Cade,Mueller,cade.mueller@mailinator.com,SELL GOLD,,0.4370234,GGM,GBP,47.7497,09/08/2020 04:26
Judith,Mac,judith.mac@mailinator.com,SELL GOLD,,0.7404102,GGM,GBP,47.7497,07/05/2020 09:12
Stanislaw,Knowles,stanislaw.knowles@mailinator.com,CARD SPEND,5072,5.5421902,GBP,GGM,47.7555,30/04/2020 09:08
Daanish,Mcfarland,daanish.mcfarland@mailinator.com,BUY GOLD,,69.7708152,GBP,GGM,47.7543,22/05/2020 23:44
Pascal,Curry,pascal.curry@mailinator.com,SELL GOLD,,0.001163,GGM,GBP,47.7515,05/04/2020 22:27
Darcie-Mae,Wilkinson,darcie-mae.wilkinson@mailinator.com,BUY GOLD,,29.7403721,GBP,GGM,47.7534,18/02/2020 00:52
Tristan,Singleton,tristan.singleton@mailinator.com,CARD SPEND,5462,1.1836049,GBP,GGM,47.7071,01/04/2020 01:23
Shannen,Caldwell,shannen.caldwell@mailinator.com,SELL GOLD,,1.9659537,GGM,GBP,47.7071,05/05/2020 04:19
Ebrahim,Townsend,ebrahim.townsend@mailinator.com,CARD SPEND,5072,0.0586238,GGM,GBP,47.7494,26/04/2020 23:43
Judah,Pineda,judah.pineda@mailinator.com,CARD SPEND,5441,0.0092374,GGM,GBP,47.7555,31/12/2019 01:36
Amar,Reilly,amar.reilly@mailinator.com,CARD SPEND,5021,93.1769148,GBP,GGM,48.0231,18/05/2020 10:39
Donell,Charles,donell.charles@mailinator.com,CARD SPEND,5013,92.8513157,GBP,GGM,47.0892,29/03/2020 22:47
Kali,Hawkins,kali.hawkins@mailinator.com,SELL GOLD,,0.8323187,GGM,GBP,47.7555,09/08/2020 00:48
Mira,Foley,mira.foley@mailinator.com,BUY GOLD,,5.8873635,GBP,GGM,47.7555,27/07/2020 00:24
Duncan,Barker,duncan.barker@mailinator.com,CARD SPEND,5045,90.2615696,GBP,GGM,47.7494,11/03/2020 01:21
Vivek,Talley,vivek.talley@mailinator.com,CARD SPEND,5311,87.0077861,GBP,GBP,1,18/01/2020 04:08
Robbie,Partridge,robbie.partridge@mailinator.com,SELL GOLD,,1.9983882,GGM,GBP,47.7937,30/06/2020 16:58
Taliah,Murillo,taliah.murillo@mailinator.com,CARD SPEND,5013,93.101228,GBP,GGM,47.7096,23/01/2020 06:02
Sarah,Foster,sarah.foster@mailinator.com,BUY GOLD,,34.3877776,GBP,GGM,48.5679,28/03/2020 14:36
Rueben,Tate,rueben.tate@mailinator.com,SELL GOLD,,1.6901744,GGM,GBP,47.7497,26/02/2020 21:44
Tobias,Chester,tobias.chester@mailinator.com,SELL GOLD,,2.0630765,GGM,GBP,47.7096,05/02/2020 18:13
Persephone,Booth,persephone.booth@mailinator.com,BUY GOLD,,19.9620309,GBP,GGM,47.7494,15/01/2020 09:24
Timothy,Edmonds,timothy.edmonds@mailinator.com,SELL GOLD,,0.9540052,GGM,GBP,47.7497,04/01/2020 15:21
Kajal,Knott,kajal.knott@mailinator.com,CARD SPEND,5021,67.9476198,GBP,GGM,47.7497,21/04/2020 18:58
Matthew,Bonner,matthew.bonner@mailinator.com,BUY GOLD,,16.5139302,GBP,GGM,47.7497,19/02/2020 01:49
Howard,Perkins,howard.perkins@mailinator.com,CARD SPEND,5441,1.2132308,GGM,GBP,47.7143,11/04/2020 14:38
Esmae,Vega,esmae.vega@mailinator.com,CARD SPEND,5013,65.628013,GBP,GGM,47.7497,01/01/2020 11:15
Traci,Trejo,traci.trejo@mailinator.com,BUY GOLD,,81.7901764,GBP,GGM,47.7497,12/03/2020 17:09
Carmen,Bolton,carmen.bolton@mailinator.com,CARD SPEND,5462,73.6670628,GBP,GGM,47.7096,26/06/2020 13:40
Adrianna,Evans,adrianna.evans@mailinator.com,SELL GOLD,,1.467403,GGM,GBP,47.7143,12/06/2020 23:42
Kailum,Mccullough,kailum.mccullough@mailinator.com,SELL GOLD,,1.1361099,GGM,GBP,47.7555,22/06/2020 14:07
Hazel,Shah,hazel.shah@mailinator.com,CARD SPEND,5021,2.0428732,GGM,GBP,47.0892,26/04/2020 23:04
Daisy-Mae,Randolph,daisy-mae.randolph@mailinator.com,SELL GOLD,,0.4655274,GGM,GBP,47.7497,22/06/2020 18:42
Kain,Barron,kain.barron@mailinator.com,SELL GOLD,,0.011841,GGM,GBP,47.7937,20/07/2020 15:15
Saba,Santana,saba.santana@mailinator.com,BUY GOLD,,33.2603827,GBP,GGM,47.0892,01/08/2020 16:06
Vicky,Mercado,vicky.mercado@mailinator.com,SELL GOLD,,0.3089077,GGM,GBP,48.4343,21/03/2020 05:22
Casper,Tierney,casper.tierney@mailinator.com,CARD SPEND,5045,0.7830202,GGM,GBP,47.7497,31/07/2020 21:35
Hallie,Regan,hallie.regan@mailinator.com,SELL GOLD,,1.977962,GGM,GBP,47.7071,29/07/2020 09:40
Maariya,Terry,maariya.terry@mailinator.com,CARD SPEND,5072,0.6273654,GGM,GBP,47.7515,27/08/2020 14:06
Yousuf,Schneider,yousuf.schneider@mailinator.com,CARD SPEND,5021,5.4908652,GBP,GGM,47.7555,17/08/2020 18:52
Loui,Lambert,loui.lambert@mailinator.com,CARD SPEND,5441,1.1857218,GGM,GBP,47.7497,22/05/2020 06:13
Donald,Mcneil,donald.mcneil@mailinator.com,SELL GOLD,,0.0943085,GGM,GBP,47.7543,02/04/2020 10:09
Maximilian,Devine,maximilian.devine@mailinator.com,CARD SPEND,5411,2.069853,GGM,GBP,47.7534,25/04/2020 00:33
Rui,Hunter,rui.hunter@mailinator.com,SELL GOLD,,0.9862588,GGM,GBP,47.7497,27/08/2020 10:39
Vivian,Livingston,vivian.livingston@mailinator.com,CARD SPEND,5311,0.1092729,GGM,GBP,47.7543,19/04/2020 03:12
Rikesh,Spears,rikesh.spears@mailinator.com,SELL GOLD,,1.0419473,GGM,GBP,47.7515,18/02/2020 16:51
Lilli,Wilcox,lilli.wilcox@mailinator.com,SELL GOLD,,0.7931024,GGM,GBP,47.7515,02/08/2020 11:15
Jade,Rivas,jade.rivas@mailinator.com,BUY GOLD,,78.5675509,GBP,GGM,47.7096,03/08/2020 13:01
Orson,Broughton,orson.broughton@mailinator.com,CARD SPEND,5462,1.2449849,GGM,GBP,47.7515,05/07/2020 02:02
Leilani,Riddle,leilani.riddle@mailinator.com,CARD SPEND,5072,5.2478074,GBP,GGM,47.7096,17/02/2020 01:42
Abdullahi,Acosta,abdullahi.acosta@mailinator.com,SELL GOLD,,1.1981515,GGM,GBP,47.7071,20/07/2020 19:57
Ollie,Hopper,ollie.hopper@mailinator.com,SELL GOLD,,1.6744541,GGM,GBP,47.7478,17/06/2020 14:34
Franklin,Patton,franklin.patton@mailinator.com,BUY GOLD,,47.465082,GBP,GGM,47.7497,05/04/2020 16:26
Sukhmani,Santiago,sukhmani.santiago@mailinator.com,CARD SPEND,5462,2.0735291,GGM,GBP,47.7937,02/07/2020 17:21
Mylee,Gough,mylee.gough@mailinator.com,SELL GOLD,,1.3721647,GGM,GBP,48.5679,21/05/2020 12:08
Nabil,Moses,nabil.moses@mailinator.com,SELL GOLD,,1.0586666,GGM,GBP,47.0892,06/01/2020 14:48
Jennifer,Goodman,jennifer.goodman@mailinator.com,SELL GOLD,,0.1092912,GGM,GBP,47.7534,16/04/2020 06:44
Tomi,O'Reilly,tomi.o'reilly@mailinator.com,BUY GOLD,,6.5386275,GBP,GGM,47.7937,16/03/2020 02:33
Alfie-James,Franco,alfie-james.franco@mailinator.com,SELL GOLD,,0.570964,GGM,GBP,48.5679,05/05/2020 15:45
Miguel,Calhoun,miguel.calhoun@mailinator.com,SELL GOLD,,1.2451232,GGM,GBP,47.7937,13/07/2020 18:10
Aston,Lennon,aston.lennon@mailinator.com,SELL GOLD,,1.8845263,GGM,GBP,47.7494,02/05/2020 00:52
Wilfred,Olsen,wilfred.olsen@mailinator.com,CARD SPEND,5072,0.6317453,GGM,GBP,47.7143,27/01/2020 01:55
Darla,Lynch,darla.lynch@mailinator.com,BUY GOLD,,77.9714733,GBP,GGM,47.7143,26/06/2020 04:24
Shelbie,Travis,shelbie.travis@mailinator.com,CARD SPEND,5045,0.0135521,GGM,GBP,47.7071,07/01/2020 20:00
Roger,Bate,roger.bate@mailinator.com,BUY GOLD,,4.6666406,GBP,GGM,47.7555,15/07/2020 21:41
Iolo,Tait,iolo.tait@mailinator.com,SELL GOLD,,0.9427003,GGM,GBP,47.7478,02/07/2020 12:26
Theodora,Mcdonnell,theodora.mcdonnell@mailinator.com,CARD SPEND,5462,1.7535387,GGM,GBP,47.7143,03/03/2020 18:31